-- phpMyAdmin SQL Dump
-- version 4.5.1
-- http://www.phpmyadmin.net
--
-- Host: 127.0.0.1
-- Czas generowania: 16 Sty 2016, 13:53
-- Wersja serwera: 10.1.8-MariaDB
-- Wersja PHP: 5.6.14

SET SQL_MODE = "NO_AUTO_VALUE_ON_ZERO";
SET time_zone = "+00:00";


/*!40101 SET @OLD_CHARACTER_SET_CLIENT=@@CHARACTER_SET_CLIENT */;
/*!40101 SET @OLD_CHARACTER_SET_RESULTS=@@CHARACTER_SET_RESULTS */;
/*!40101 SET @OLD_COLLATION_CONNECTION=@@COLLATION_CONNECTION */;
/*!40101 SET NAMES utf8mb4 */;

--
-- Baza danych: `spoldzielnia`
--

-- --------------------------------------------------------

--
-- Struktura tabeli dla tabeli `blok`
--

CREATE TABLE `blok` (
  `id_bloku` int(10) NOT NULL,
  `ulica` varchar(255) NOT NULL,
  `ulica_nr` varchar(10) NOT NULL,
  `miejscowosc` varchar(255) NOT NULL,
  `nazwa_spoldzielni` varchar(255) NOT NULL
) ENGINE=InnoDB DEFAULT CHARSET=latin1;

--
-- Zrzut danych tabeli `blok`
--

INSERT INTO `blok` (`id_bloku`, `ulica`, `ulica_nr`, `miejscowosc`, `nazwa_spoldzielni`) VALUES
(2, 'Pilsudskiego', '18', 'Skawina', 'Stonka'),
(3, 'Sloneczna', '3', 'Krakow', 'Stonka'),
(13, 'Chmieleniec', '6', 'Krakow', 'Stonka'),
(14, ' Kobierzynska', '7', 'Krakow', 'Stonka'),
(15, ' Pilsudskiego ', '7', 'Krakow', 'Stonka'),
(16, ' Pilsudskiego ', '2', 'Krakow', 'Stonka'),
(17, ' Kosciuszkowcow', '3', 'Krakow', 'Stonka'),
(18, ' Sielska', '9', 'Krakow', 'Stonka'),
(19, ' Pilsudskiego ', '9', 'Krakow', 'Stonka'),
(20, ' Kobierzynska', '10', 'Krakow', 'Stonka'),
(21, ' Kosciuszkowcow', '9', 'Krakow', 'Stonka'),
(22, ' Sielska', '8', 'Krakow', 'Stonka'),
(23, ' Pilsudskiego ', '5', 'Krakow', 'Stonka'),
(24, ' Sielska', '10', 'Krakow', 'Stonka'),
(25, ' Pilsudskiego ', '5', 'Krakow', 'Stonka'),
(26, ' Kobierzynska', '6', 'Krakow', 'Stonka'),
(27, 'Chmieleniec', '8', 'Krakow', 'Stonka'),
(28, ' Kosciuszki', '7', 'Krakow', 'Stonka'),
(29, ' Kosciuszki', '7', 'Krakow', 'Stonka'),
(30, ' Kosciuszki', '3', 'Krakow', 'Stonka'),
(31, ' Kosciuszki', '4', 'Krakow', 'Stonka'),
(32, ' Sloneczna', '4', 'Krakow', 'Stonka'),
(33, ' Sloneczna', '6', 'Krakow', 'Stonka'),
(34, ' Sloneczna', '4', 'Krakow', 'Stonka'),
(35, 'Pilsudskiego', '3', 'Krakow', 'Stonka'),
(36, ' Kosciuszki', '1', 'Krakow', 'Stonka'),
(37, 'Pilsudskiego', '1', 'Krakow', 'Stonka');

-- --------------------------------------------------------

--
-- Struktura tabeli dla tabeli `mieszkanie`
--

CREATE TABLE `mieszkanie` (
  `id_mieszkania` int(10) NOT NULL,
  `id_bloku` int(10) NOT NULL,
  `nr_mieszkania` int(3) NOT NULL,
  `pietro` int(3) NOT NULL,
  `powierzchnia` float NOT NULL,
  `ilosc_pokoi` int(2) NOT NULL,
  `piwnica_powierzchnia` float NOT NULL
) ENGINE=InnoDB DEFAULT CHARSET=latin1;

--
-- Zrzut danych tabeli `mieszkanie`
--

INSERT INTO `mieszkanie` (`id_mieszkania`, `id_bloku`, `nr_mieszkania`, `pietro`, `powierzchnia`, `ilosc_pokoi`, `piwnica_powierzchnia`) VALUES
(16, 2, 1, 1, 42, 2, 14),
(20, 2, 5, 3, 62, 3, 14),
(21, 2, 6, 3, 44, 3, 14),
(73, 2, 1, 1, 1, 1, 1),
(74, 3, 3, 3, 3, 3, 3),
(75, 3, 3, 3, 3, 3, 3),
(79, 25, 4, 5, 78, 5, 7),
(80, 37, 1, 8, 42, 3, 15),
(81, 19, 4, 2, 78, 4, 6),
(82, 18, 3, 5, 65, 3, 10),
(83, 24, 5, 5, 48, 5, 7),
(84, 32, 2, 6, 46, 5, 11),
(85, 25, 3, 6, 50, 3, 14),
(86, 27, 1, 8, 44, 3, 7),
(87, 30, 5, 4, 42, 3, 7),
(88, 27, 6, 5, 55, 3, 11),
(89, 19, 1, 2, 48, 4, 10),
(90, 21, 1, 5, 38, 4, 6),
(91, 22, 1, 2, 50, 5, 9),
(92, 15, 4, 1, 48, 5, 13),
(93, 21, 6, 7, 48, 5, 9),
(94, 24, 4, 1, 36, 3, 14),
(95, 37, 4, 4, 77, 5, 10),
(96, 16, 1, 8, 42, 4, 6),
(97, 29, 5, 7, 38, 3, 8),
(98, 16, 4, 1, 78, 4, 14),
(99, 28, 3, 2, 46, 5, 15),
(100, 25, 3, 3, 42, 4, 8),
(101, 32, 2, 5, 44, 3, 8),
(102, 19, 4, 5, 38, 5, 10),
(103, 27, 3, 7, 44, 3, 15),
(104, 16, 1, 7, 42, 5, 8),
(105, 26, 5, 6, 78, 4, 8),
(106, 31, 4, 5, 77, 3, 12),
(107, 19, 1, 7, 77, 3, 10),
(108, 22, 3, 3, 40, 4, 5),
(109, 18, 4, 4, 40, 5, 7),
(110, 29, 6, 8, 44, 3, 10),
(111, 29, 2, 7, 77, 5, 11),
(112, 19, 4, 5, 55, 3, 6),
(113, 32, 4, 2, 44, 5, 13),
(114, 23, 1, 4, 50, 4, 14),
(115, 24, 2, 4, 38, 4, 5),
(116, 14, 5, 6, 78, 4, 14),
(117, 22, 6, 4, 55, 5, 10),
(118, 33, 4, 7, 77, 3, 5),
(119, 14, 1, 8, 38, 5, 14),
(120, 23, 4, 3, 46, 3, 7),
(121, 22, 4, 5, 77, 5, 15),
(122, 26, 2, 3, 78, 5, 9),
(123, 13, 3, 8, 77, 3, 15),
(124, 14, 3, 2, 50, 5, 11),
(125, 29, 1, 3, 55, 5, 15),
(126, 17, 3, 4, 42, 4, 7),
(127, 29, 1, 6, 78, 3, 6),
(128, 27, 6, 5, 48, 3, 8),
(129, 35, 4, 3, 36, 3, 11),
(130, 22, 6, 8, 50, 5, 11),
(131, 36, 1, 4, 38, 5, 9),
(132, 27, 2, 8, 42, 4, 8),
(133, 36, 1, 7, 38, 5, 9),
(134, 17, 6, 5, 40, 4, 14),
(135, 25, 6, 1, 36, 5, 12),
(136, 34, 2, 2, 40, 3, 6),
(137, 18, 4, 1, 65, 5, 10),
(138, 36, 4, 3, 78, 3, 7),
(139, 26, 1, 6, 55, 5, 14),
(140, 37, 2, 4, 77, 4, 8),
(141, 35, 5, 5, 44, 5, 6),
(142, 36, 2, 3, 78, 4, 12),
(143, 28, 6, 2, 42, 4, 11),
(144, 16, 3, 3, 46, 4, 10),
(145, 24, 2, 2, 36, 4, 7),
(146, 13, 1, 2, 77, 5, 6),
(147, 22, 1, 2, 42, 3, 10),
(148, 34, 2, 4, 44, 3, 13),
(149, 17, 5, 4, 78, 3, 12),
(150, 28, 1, 4, 40, 3, 13),
(151, 16, 2, 6, 55, 3, 8),
(152, 23, 4, 1, 65, 3, 13),
(153, 17, 6, 6, 36, 5, 6),
(154, 33, 1, 4, 65, 4, 14),
(155, 37, 5, 7, 77, 3, 6),
(156, 28, 3, 4, 36, 4, 10),
(157, 13, 5, 7, 42, 4, 9),
(158, 14, 2, 5, 38, 3, 9),
(159, 23, 6, 2, 44, 3, 14),
(160, 34, 2, 8, 55, 5, 14),
(161, 30, 1, 5, 36, 4, 6),
(162, 34, 5, 2, 46, 5, 10),
(163, 33, 4, 1, 55, 5, 12),
(164, 33, 4, 6, 38, 3, 6),
(165, 31, 2, 2, 55, 5, 10),
(166, 30, 1, 1, 42, 4, 9),
(167, 25, 3, 2, 48, 3, 8),
(168, 29, 4, 4, 44, 4, 11),
(169, 31, 5, 6, 44, 5, 12),
(170, 22, 2, 5, 38, 4, 5),
(171, 24, 6, 7, 46, 5, 11),
(172, 19, 2, 4, 55, 5, 13),
(173, 24, 3, 8, 65, 4, 8),
(174, 33, 3, 1, 44, 4, 9),
(175, 27, 4, 2, 44, 5, 10),
(176, 27, 6, 2, 50, 4, 6),
(177, 29, 5, 4, 48, 4, 6),
(178, 21, 2, 5, 78, 5, 13);

-- --------------------------------------------------------

--
-- Struktura tabeli dla tabeli `oplaty`
--

CREATE TABLE `oplaty` (
  `id_oplat` int(10) NOT NULL,
  `id_mieszkania` int(10) NOT NULL,
  `miesiac` int(2) NOT NULL,
  `rok` varchar(4) NOT NULL,
  `czynsz` float NOT NULL,
  `prad` float NOT NULL,
  `woda` float NOT NULL,
  `gaz` float NOT NULL,
  `remontowe` float NOT NULL
) ENGINE=InnoDB DEFAULT CHARSET=latin1;

--
-- Zrzut danych tabeli `oplaty`
--

INSERT INTO `oplaty` (`id_oplat`, `id_mieszkania`, `miesiac`, `rok`, `czynsz`, `prad`, `woda`, `gaz`, `remontowe`) VALUES
(19, 20, 12, '2015', 1, 1, 11, 1, 1),
(20, 20, 11, '2015', 2, 2, 2, 2, 2),
(21, 87, 7, '2014', 217, 112, 85, 118, 158),
(22, 99, 10, '2013', 205, 79, 149, 201, 126),
(23, 134, 11, '2015', 304, 82, 72, 169, 162),
(24, 95, 2, '2013', 206, 67, 106, 51, 50),
(25, 94, 11, '2014', 346, 79, 107, 118, 124),
(26, 160, 6, '2014', 309, 70, 102, 45, 115),
(27, 88, 7, '2014', 258, 112, 108, 135, 117),
(28, 90, 2, '2015', 366, 79, 91, 58, 169),
(29, 155, 1, '2013', 534, 103, 137, 165, 199),
(30, 136, 8, '2015', 393, 120, 121, 223, 160),
(31, 136, 9, '2014', 579, 73, 144, 134, 143),
(32, 116, 8, '2015', 488, 56, 94, 187, 110),
(33, 135, 10, '2012', 364, 68, 70, 167, 60),
(34, 150, 3, '2013', 242, 66, 145, 188, 111),
(35, 123, 8, '2012', 394, 70, 74, 121, 166),
(36, 158, 10, '2013', 356, 62, 126, 21, 122),
(37, 145, 9, '2014', 258, 103, 119, 46, 73),
(38, 109, 5, '2012', 571, 72, 107, 101, 94),
(39, 147, 10, '2013', 390, 106, 117, 72, 96),
(40, 168, 11, '2012', 514, 64, 150, 144, 192),
(41, 116, 3, '2015', 345, 99, 150, 46, 108),
(42, 142, 2, '2013', 381, 56, 124, 121, 99),
(43, 157, 1, '2013', 501, 76, 111, 53, 128),
(44, 82, 1, '2013', 220, 107, 107, 81, 128),
(45, 87, 7, '2014', 566, 100, 95, 219, 90),
(46, 79, 8, '2012', 363, 89, 76, 217, 59),
(47, 88, 5, '2014', 488, 79, 74, 101, 81),
(48, 83, 2, '2014', 394, 67, 148, 139, 183),
(49, 128, 12, '2015', 240, 62, 122, 172, 73),
(50, 109, 8, '2012', 473, 100, 64, 187, 58),
(51, 126, 3, '2014', 456, 76, 68, 71, 58),
(52, 115, 6, '2014', 555, 100, 149, 190, 120),
(53, 109, 11, '2013', 389, 100, 149, 224, 107),
(56, 87, 7, '2014', 217, 112, 85, 118, 158),
(57, 99, 10, '2013', 205, 79, 149, 201, 126),
(58, 134, 11, '2015', 304, 82, 72, 169, 162),
(59, 95, 2, '2013', 206, 67, 106, 51, 50),
(60, 94, 11, '2014', 346, 79, 107, 118, 124),
(61, 160, 6, '2014', 309, 70, 102, 45, 115),
(62, 88, 7, '2014', 258, 112, 108, 135, 117),
(63, 90, 2, '2015', 366, 79, 91, 58, 169),
(64, 155, 1, '2013', 534, 103, 137, 165, 199),
(65, 136, 8, '2015', 393, 120, 121, 223, 160),
(66, 136, 9, '2014', 579, 73, 144, 134, 143),
(67, 116, 8, '2015', 488, 56, 94, 187, 110),
(68, 135, 10, '2012', 364, 68, 70, 167, 60),
(69, 150, 3, '2013', 242, 66, 145, 188, 111),
(70, 123, 8, '2012', 394, 70, 74, 121, 166),
(71, 158, 10, '2013', 356, 62, 126, 21, 122),
(72, 145, 9, '2014', 258, 103, 119, 46, 73),
(73, 109, 5, '2012', 571, 72, 107, 101, 94),
(74, 147, 10, '2013', 390, 106, 117, 72, 96),
(75, 168, 11, '2012', 514, 64, 150, 144, 192),
(76, 116, 3, '2015', 345, 99, 150, 46, 108),
(77, 142, 2, '2013', 381, 56, 124, 121, 99),
(78, 157, 1, '2013', 501, 76, 111, 53, 128),
(79, 82, 1, '2013', 220, 107, 107, 81, 128),
(80, 87, 7, '2014', 566, 100, 95, 219, 90),
(81, 79, 8, '2012', 363, 89, 76, 217, 59),
(82, 88, 5, '2014', 488, 79, 74, 101, 81),
(83, 83, 2, '2014', 394, 67, 148, 139, 183),
(84, 128, 12, '2015', 240, 62, 122, 172, 73),
(85, 109, 8, '2012', 473, 100, 64, 187, 58),
(86, 126, 3, '2014', 456, 76, 68, 71, 58),
(87, 115, 6, '2014', 555, 100, 149, 190, 120),
(88, 109, 11, '2013', 389, 100, 149, 224, 107),
(91, 178, 11, '2015', 223, 90, 68, 80, 152),
(92, 103, 8, '2014', 342, 69, 132, 142, 62),
(93, 107, 4, '2015', 446, 90, 92, 208, 142),
(94, 158, 11, '2014', 326, 95, 109, 22, 77),
(95, 96, 4, '2014', 214, 90, 85, 98, 128),
(96, 146, 12, '2013', 208, 83, 107, 45, 120),
(99, 178, 11, '2015', 223, 90, 68, 80, 152),
(100, 103, 8, '2014', 342, 69, 132, 142, 62),
(101, 107, 4, '2015', 446, 90, 92, 208, 142),
(102, 158, 11, '2014', 326, 95, 109, 22, 77),
(103, 96, 4, '2014', 214, 90, 85, 98, 128),
(104, 146, 12, '2013', 208, 83, 107, 45, 120),
(107, 178, 11, '2015', 223, 90, 68, 80, 152),
(108, 103, 8, '2014', 342, 69, 132, 142, 62),
(109, 107, 4, '2015', 446, 90, 92, 208, 142),
(110, 158, 11, '2014', 326, 95, 109, 22, 77),
(111, 96, 4, '2014', 214, 90, 85, 98, 128),
(112, 146, 12, '2013', 208, 83, 107, 45, 120),
(115, 178, 11, '2015', 223, 90, 68, 80, 152),
(116, 103, 8, '2014', 342, 69, 132, 142, 62),
(117, 107, 4, '2015', 446, 90, 92, 208, 142),
(118, 158, 11, '2014', 326, 95, 109, 22, 77),
(119, 96, 4, '2014', 214, 90, 85, 98, 128),
(120, 146, 12, '2013', 208, 83, 107, 45, 120),
(121, 77, 6, '2015', 418, 101, 65, 30, 158),
(122, 101, 3, '2014', 500, 56, 142, 103, 131),
(123, 83, 3, '2014', 512, 70, 97, 99, 114),
(124, 162, 7, '2012', 325, 65, 125, 48, 71),
(125, 165, 12, '2012', 217, 61, 103, 168, 192),
(126, 144, 1, '2013', 472, 100, 84, 216, 129),
(127, 134, 4, '2012', 440, 96, 75, 129, 59),
(128, 79, 10, '2014', 484, 107, 110, 72, 155),
(129, 118, 4, '2012', 444, 79, 66, 93, 104),
(130, 138, 3, '2013', 225, 70, 72, 140, 100),
(131, 122, 8, '2013', 578, 95, 122, 167, 167),
(132, 82, 11, '2015', 542, 109, 89, 23, 78),
(133, 127, 8, '2013', 308, 118, 64, 76, 143),
(134, 100, 5, '2015', 278, 66, 131, 176, 66),
(135, 95, 3, '2014', 451, 92, 89, 126, 119),
(136, 100, 11, '2012', 395, 73, 136, 172, 199),
(137, 94, 10, '2015', 344, 83, 71, 54, 149),
(138, 163, 10, '2013', 400, 118, 129, 115, 105),
(139, 177, 11, '2014', 499, 85, 61, 223, 140),
(140, 166, 3, '2012', 449, 99, 128, 189, 139),
(141, 94, 5, '2012', 485, 72, 132, 208, 196),
(142, 103, 8, '2015', 416, 95, 72, 188, 123),
(143, 127, 8, '2014', 441, 62, 81, 174, 131),
(144, 162, 12, '2015', 458, 77, 82, 173, 178),
(145, 126, 2, '2014', 407, 70, 105, 117, 166),
(146, 130, 7, '2014', 213, 88, 149, 128, 118),
(147, 79, 5, '2014', 424, 58, 69, 57, 193),
(148, 121, 11, '2014', 500, 69, 127, 106, 139),
(149, 153, 3, '2012', 311, 110, 63, 123, 104),
(150, 122, 11, '2013', 517, 72, 134, 88, 178),
(151, 140, 1, '2012', 273, 95, 109, 207, 178),
(152, 126, 4, '2014', 509, 61, 135, 70, 111),
(153, 155, 6, '2013', 454, 78, 144, 23, 62),
(154, 122, 10, '2013', 246, 61, 108, 41, 91),
(155, 177, 11, '2012', 373, 60, 77, 30, 134),
(156, 104, 6, '2012', 278, 86, 134, 46, 166),
(157, 123, 12, '2013', 377, 101, 125, 81, 86),
(158, 92, 7, '2015', 411, 64, 67, 120, 192),
(159, 167, 7, '2012', 553, 61, 116, 86, 92),
(160, 171, 3, '2013', 550, 67, 102, 103, 193),
(161, 125, 10, '2013', 420, 102, 123, 155, 107),
(162, 98, 12, '2012', 491, 115, 149, 121, 83),
(163, 147, 5, '2012', 443, 94, 88, 20, 78),
(164, 128, 8, '2015', 227, 115, 144, 100, 71),
(165, 120, 8, '2012', 429, 69, 84, 128, 162),
(166, 136, 12, '2013', 557, 61, 147, 53, 101),
(167, 161, 9, '2015', 379, 58, 124, 167, 112),
(168, 146, 6, '2014', 337, 83, 65, 75, 89),
(169, 174, 2, '2015', 404, 72, 133, 187, 124),
(170, 167, 3, '2012', 248, 58, 118, 148, 51),
(171, 152, 4, '2012', 325, 93, 122, 209, 186),
(172, 90, 7, '2015', 384, 119, 147, 97, 100),
(173, 153, 10, '2012', 468, 108, 63, 222, 94),
(174, 165, 9, '2015', 372, 107, 70, 131, 165),
(175, 124, 4, '2015', 249, 108, 138, 36, 67),
(176, 102, 8, '2013', 408, 74, 149, 125, 92),
(177, 144, 8, '2014', 590, 103, 143, 108, 161),
(178, 123, 11, '2014', 435, 77, 72, 208, 136),
(179, 110, 12, '2013', 594, 96, 119, 112, 76),
(180, 142, 2, '2013', 258, 85, 93, 30, 139),
(181, 132, 12, '2013', 506, 111, 84, 111, 55),
(182, 147, 2, '2014', 361, 103, 93, 92, 81),
(183, 139, 2, '2012', 463, 71, 133, 46, 86),
(184, 99, 5, '2015', 478, 119, 140, 220, 195),
(185, 127, 8, '2013', 377, 55, 88, 28, 155),
(186, 103, 2, '2015', 363, 79, 92, 62, 171),
(187, 150, 10, '2015', 588, 98, 84, 95, 172),
(188, 165, 3, '2015', 242, 88, 72, 203, 193),
(189, 101, 3, '2015', 483, 108, 117, 126, 86),
(190, 175, 2, '2014', 415, 67, 99, 184, 156),
(191, 133, 8, '2013', 376, 96, 67, 74, 135),
(192, 173, 5, '2015', 475, 82, 139, 168, 163),
(193, 133, 11, '2012', 438, 81, 70, 21, 133),
(194, 81, 12, '2012', 469, 73, 138, 89, 160),
(195, 126, 10, '2014', 461, 101, 94, 209, 63),
(196, 162, 9, '2015', 533, 115, 138, 72, 111),
(197, 133, 8, '2015', 342, 97, 136, 195, 97),
(198, 86, 7, '2014', 479, 69, 76, 31, 175),
(199, 133, 10, '2014', 298, 120, 64, 211, 170),
(200, 105, 7, '2012', 380, 91, 124, 86, 125),
(201, 152, 1, '2014', 369, 101, 99, 222, 59),
(202, 167, 11, '2014', 226, 67, 86, 205, 123),
(203, 134, 4, '2014', 380, 92, 146, 40, 101),
(204, 138, 6, '2013', 356, 107, 135, 96, 54),
(205, 122, 12, '2015', 554, 77, 119, 211, 185),
(206, 126, 6, '2013', 473, 116, 144, 65, 194),
(207, 144, 9, '2014', 328, 115, 98, 86, 141),
(208, 96, 10, '2013', 291, 63, 112, 173, 111),
(209, 131, 2, '2014', 464, 59, 64, 145, 85),
(210, 170, 4, '2013', 360, 65, 141, 162, 164),
(211, 163, 10, '2015', 230, 92, 76, 146, 54),
(212, 106, 11, '2015', 441, 119, 98, 68, 126),
(213, 160, 9, '2014', 439, 114, 143, 72, 190),
(214, 111, 9, '2015', 542, 95, 71, 173, 122),
(215, 161, 3, '2013', 365, 70, 123, 212, 87),
(216, 169, 8, '2013', 269, 116, 132, 131, 118),
(217, 138, 7, '2012', 380, 60, 99, 122, 171),
(218, 92, 4, '2015', 544, 88, 82, 134, 177),
(219, 75, 3, '2013', 514, 92, 149, 224, 59),
(220, 106, 10, '2012', 317, 113, 85, 216, 106),
(221, 136, 6, '2013', 536, 84, 117, 45, 50),
(222, 175, 10, '2015', 445, 89, 73, 208, 162),
(223, 88, 7, '2013', 324, 67, 71, 189, 94),
(224, 120, 7, '2012', 482, 76, 95, 48, 77),
(225, 76, 4, '2012', 424, 61, 127, 211, 188),
(226, 104, 2, '2013', 580, 85, 85, 169, 108),
(227, 95, 8, '2014', 576, 80, 114, 161, 138),
(228, 154, 5, '2013', 591, 96, 141, 81, 153),
(229, 97, 5, '2014', 427, 104, 97, 47, 122),
(230, 89, 9, '2013', 388, 72, 114, 139, 109),
(231, 141, 2, '2014', 372, 113, 78, 87, 90),
(232, 96, 5, '2013', 572, 102, 122, 35, 185),
(233, 140, 12, '2013', 349, 119, 86, 130, 68),
(234, 132, 7, '2013', 536, 62, 107, 101, 129),
(235, 143, 11, '2013', 472, 62, 72, 162, 62),
(236, 89, 2, '2015', 476, 119, 133, 86, 53),
(237, 150, 7, '2015', 250, 97, 138, 118, 59),
(238, 123, 10, '2014', 335, 60, 118, 161, 175),
(239, 131, 4, '2014', 312, 72, 90, 163, 90),
(240, 107, 4, '2015', 265, 56, 85, 26, 177),
(241, 87, 5, '2015', 270, 67, 60, 187, 123),
(242, 152, 12, '2015', 371, 68, 116, 52, 148),
(243, 146, 1, '2012', 429, 67, 136, 174, 81),
(244, 86, 9, '2012', 520, 99, 95, 95, 102),
(245, 133, 12, '2015', 500, 95, 98, 92, 51),
(246, 116, 2, '2015', 489, 62, 63, 129, 162),
(247, 131, 6, '2013', 572, 85, 105, 31, 193),
(248, 110, 5, '2012', 478, 72, 68, 217, 137),
(249, 161, 6, '2012', 432, 98, 113, 215, 116),
(250, 156, 2, '2012', 253, 70, 106, 59, 141),
(251, 94, 6, '2015', 586, 116, 99, 187, 55),
(252, 85, 6, '2013', 345, 95, 126, 222, 191),
(253, 76, 5, '2013', 324, 119, 76, 41, 97),
(254, 108, 11, '2014', 527, 84, 130, 215, 94),
(255, 103, 3, '2012', 531, 67, 150, 120, 184),
(256, 82, 6, '2015', 375, 102, 134, 204, 153),
(257, 155, 6, '2014', 463, 102, 80, 183, 109),
(258, 77, 10, '2015', 344, 88, 97, 160, 82),
(259, 163, 11, '2013', 447, 78, 61, 33, 94),
(260, 98, 6, '2015', 272, 94, 95, 109, 108),
(261, 139, 7, '2015', 291, 103, 100, 218, 95),
(262, 175, 2, '2012', 398, 77, 137, 219, 90),
(263, 101, 1, '2012', 396, 99, 128, 111, 146),
(264, 110, 5, '2014', 519, 116, 104, 224, 183),
(265, 115, 12, '2012', 574, 84, 98, 61, 171),
(266, 170, 3, '2014', 358, 68, 128, 67, 117),
(267, 88, 10, '2013', 523, 81, 87, 159, 198),
(268, 171, 11, '2012', 519, 92, 77, 41, 149),
(269, 85, 5, '2015', 228, 118, 141, 102, 125),
(270, 124, 9, '2015', 253, 73, 145, 181, 185),
(271, 170, 12, '2015', 577, 80, 75, 134, 181),
(272, 173, 4, '2014', 439, 106, 85, 117, 88),
(273, 101, 10, '2013', 294, 119, 114, 189, 119),
(274, 84, 5, '2014', 566, 94, 100, 24, 104),
(275, 123, 5, '2012', 344, 105, 144, 172, 86),
(276, 142, 3, '2014', 492, 112, 83, 200, 150),
(277, 131, 4, '2012', 540, 76, 124, 190, 67),
(278, 89, 6, '2012', 316, 120, 122, 214, 97),
(279, 115, 1, '2013', 383, 81, 145, 44, 101),
(280, 88, 11, '2014', 560, 65, 117, 53, 125),
(281, 119, 7, '2014', 526, 112, 70, 140, 119),
(282, 83, 10, '2015', 501, 110, 102, 146, 77),
(283, 139, 2, '2012', 294, 106, 142, 84, 179),
(284, 160, 6, '2015', 210, 76, 114, 41, 57),
(285, 76, 6, '2012', 339, 76, 88, 37, 56),
(286, 127, 7, '2015', 289, 111, 108, 164, 127),
(287, 92, 3, '2012', 465, 62, 64, 61, 157),
(288, 102, 1, '2012', 532, 97, 103, 198, 73),
(289, 131, 2, '2015', 304, 78, 67, 195, 187),
(290, 96, 10, '2015', 522, 83, 114, 41, 70),
(291, 124, 12, '2015', 269, 67, 66, 155, 158),
(292, 128, 3, '2015', 321, 58, 102, 213, 102),
(293, 140, 4, '2013', 384, 107, 139, 58, 167),
(294, 103, 3, '2015', 524, 98, 78, 126, 77),
(295, 123, 10, '2015', 293, 82, 97, 148, 200),
(296, 112, 9, '2013', 392, 109, 102, 126, 59),
(297, 157, 2, '2014', 341, 70, 114, 91, 86),
(298, 156, 10, '2013', 518, 72, 68, 162, 159),
(299, 125, 7, '2013', 385, 77, 82, 81, 95),
(300, 93, 1, '2014', 243, 56, 87, 63, 136),
(301, 84, 11, '2015', 286, 55, 122, 121, 120),
(302, 141, 12, '2015', 439, 119, 141, 207, 135),
(303, 107, 10, '2013', 569, 107, 143, 85, 140),
(304, 154, 12, '2014', 299, 73, 97, 199, 101),
(305, 81, 8, '2014', 477, 117, 142, 185, 99),
(306, 153, 4, '2012', 265, 110, 97, 103, 169),
(307, 114, 4, '2013', 374, 119, 86, 30, 199),
(308, 168, 5, '2013', 402, 84, 94, 217, 142),
(309, 88, 1, '2013', 546, 118, 148, 204, 178),
(310, 148, 11, '2014', 437, 76, 101, 94, 188),
(311, 118, 11, '2013', 566, 93, 89, 216, 72),
(312, 134, 12, '2012', 228, 76, 145, 85, 89),
(313, 157, 4, '2014', 577, 89, 110, 142, 116),
(314, 149, 10, '2012', 496, 57, 105, 81, 93),
(315, 142, 6, '2012', 506, 91, 74, 69, 77),
(316, 79, 2, '2015', 426, 57, 62, 39, 69),
(317, 136, 6, '2015', 568, 56, 62, 22, 147),
(318, 135, 3, '2013', 293, 91, 131, 51, 183),
(319, 74, 9, '2013', 264, 66, 145, 158, 54),
(320, 122, 2, '2015', 296, 69, 60, 181, 161),
(321, 139, 8, '2012', 454, 67, 131, 42, 129),
(322, 161, 4, '2014', 488, 65, 107, 149, 197),
(323, 79, 3, '2012', 476, 72, 149, 230, 159),
(324, 138, 9, '2013', 325, 110, 120, 119, 65),
(325, 88, 6, '2015', 391, 56, 114, 224, 73),
(326, 77, 1, '2014', 500, 89, 121, 141, 87),
(327, 93, 5, '2013', 244, 120, 128, 77, 183),
(328, 102, 12, '2013', 582, 87, 131, 191, 112),
(329, 162, 4, '2013', 467, 95, 64, 84, 51),
(330, 130, 7, '2012', 378, 85, 114, 174, 61),
(331, 117, 2, '2014', 444, 81, 98, 92, 99),
(332, 161, 11, '2015', 408, 111, 100, 169, 76),
(333, 132, 12, '2013', 507, 106, 116, 222, 106),
(334, 128, 9, '2013', 512, 92, 92, 41, 98),
(335, 101, 12, '2013', 399, 99, 95, 205, 71),
(336, 76, 4, '2015', 442, 73, 119, 192, 158),
(337, 90, 4, '2015', 502, 88, 109, 190, 113),
(338, 171, 12, '2014', 453, 74, 93, 114, 156),
(339, 92, 1, '2013', 250, 99, 118, 182, 107),
(340, 98, 12, '2013', 224, 104, 69, 25, 178),
(341, 157, 10, '2013', 503, 105, 137, 49, 128),
(342, 115, 2, '2014', 414, 92, 74, 178, 140),
(343, 102, 8, '2014', 390, 93, 135, 137, 61),
(344, 101, 3, '2012', 480, 96, 123, 66, 100),
(345, 97, 10, '2012', 345, 107, 142, 144, 73),
(346, 155, 9, '2014', 372, 89, 70, 30, 180),
(347, 135, 5, '2015', 358, 80, 85, 200, 169),
(348, 154, 3, '2015', 506, 66, 73, 48, 145),
(349, 126, 1, '2012', 506, 91, 102, 21, 114),
(350, 108, 1, '2013', 249, 119, 106, 42, 100),
(351, 163, 3, '2015', 528, 91, 144, 82, 55),
(352, 178, 10, '2013', 336, 97, 104, 209, 62),
(353, 109, 11, '2013', 453, 57, 129, 80, 60),
(354, 106, 10, '2013', 355, 69, 84, 45, 77),
(355, 104, 9, '2013', 585, 115, 68, 175, 54),
(356, 161, 1, '2012', 204, 108, 134, 87, 139),
(357, 130, 9, '2012', 565, 106, 97, 93, 86),
(358, 161, 2, '2012', 481, 75, 118, 56, 50),
(359, 95, 6, '2015', 379, 105, 146, 143, 181),
(360, 78, 9, '2013', 475, 82, 85, 118, 150),
(361, 89, 12, '2014', 353, 112, 69, 178, 119),
(362, 115, 4, '2014', 424, 74, 75, 100, 53),
(363, 158, 12, '2015', 450, 87, 112, 77, 105),
(364, 171, 6, '2015', 556, 115, 78, 172, 188),
(365, 85, 4, '2015', 482, 82, 135, 51, 165),
(366, 99, 7, '2013', 522, 73, 92, 218, 97),
(367, 131, 12, '2012', 509, 76, 84, 179, 160),
(368, 90, 11, '2014', 341, 116, 78, 158, 142),
(369, 136, 6, '2015', 492, 72, 66, 174, 101),
(370, 132, 6, '2013', 201, 96, 150, 181, 122),
(371, 135, 6, '2013', 524, 102, 119, 107, 121),
(372, 106, 10, '2015', 280, 61, 129, 71, 75),
(373, 76, 6, '2015', 432, 67, 93, 133, 76),
(374, 81, 4, '2014', 489, 103, 80, 224, 99),
(375, 176, 3, '2015', 291, 105, 79, 39, 161),
(376, 88, 7, '2013', 420, 110, 113, 186, 60),
(377, 119, 4, '2013', 540, 62, 83, 166, 54),
(378, 163, 12, '2013', 216, 84, 109, 76, 142),
(379, 97, 4, '2012', 434, 71, 68, 202, 182),
(380, 142, 12, '2012', 372, 100, 106, 78, 117),
(381, 133, 9, '2014', 306, 97, 69, 86, 105),
(382, 162, 4, '2014', 592, 113, 147, 125, 105),
(383, 133, 10, '2014', 483, 118, 80, 84, 108),
(384, 103, 4, '2014', 407, 57, 74, 33, 122),
(385, 132, 9, '2012', 472, 83, 120, 110, 162),
(386, 178, 8, '2013', 559, 72, 141, 133, 164),
(387, 106, 11, '2013', 290, 88, 144, 154, 103),
(388, 74, 10, '2013', 426, 88, 73, 122, 53),
(389, 128, 4, '2012', 407, 94, 76, 97, 160),
(390, 158, 12, '2014', 246, 62, 138, 159, 127),
(391, 124, 11, '2014', 500, 88, 132, 80, 148),
(392, 109, 8, '2014', 256, 76, 111, 118, 165),
(393, 147, 1, '2013', 310, 115, 142, 122, 136),
(394, 81, 2, '2014', 530, 89, 94, 216, 69),
(395, 88, 9, '2013', 544, 84, 123, 122, 94),
(396, 163, 10, '2015', 568, 119, 123, 35, 105),
(397, 142, 4, '2013', 282, 71, 138, 84, 94),
(398, 118, 10, '2013', 353, 119, 112, 160, 124),
(399, 150, 9, '2015', 415, 99, 127, 130, 183),
(400, 163, 5, '2013', 325, 58, 99, 198, 135),
(401, 152, 1, '2014', 220, 81, 95, 203, 176),
(402, 174, 8, '2014', 586, 110, 112, 199, 152),
(403, 122, 4, '2013', 405, 109, 62, 149, 83),
(404, 96, 8, '2013', 476, 66, 74, 141, 192),
(405, 136, 9, '2013', 548, 108, 100, 165, 126),
(406, 90, 8, '2012', 321, 105, 148, 134, 192),
(407, 167, 5, '2015', 598, 84, 138, 53, 85),
(408, 121, 4, '2014', 290, 108, 137, 88, 163),
(409, 164, 3, '2012', 384, 75, 90, 110, 164),
(410, 161, 7, '2013', 537, 115, 125, 199, 174),
(411, 111, 8, '2012', 245, 96, 119, 85, 102),
(412, 117, 4, '2012', 517, 65, 107, 45, 110),
(413, 80, 12, '2013', 560, 87, 100, 223, 66),
(414, 124, 6, '2015', 571, 69, 145, 91, 180),
(415, 155, 4, '2012', 594, 117, 138, 204, 61),
(416, 171, 3, '2015', 598, 96, 94, 154, 78),
(417, 105, 10, '2015', 448, 85, 98, 21, 153),
(418, 144, 11, '2012', 424, 81, 76, 214, 106),
(419, 152, 2, '2015', 394, 79, 146, 152, 172),
(420, 84, 10, '2014', 514, 109, 90, 149, 110),
(421, 109, 4, '2015', 258, 87, 127, 109, 197),
(422, 95, 9, '2014', 275, 75, 74, 143, 145),
(423, 115, 11, '2013', 475, 79, 117, 190, 166),
(424, 95, 5, '2015', 529, 80, 102, 197, 106),
(425, 160, 12, '2014', 493, 119, 114, 201, 128),
(426, 155, 5, '2014', 523, 96, 66, 108, 138),
(427, 161, 10, '2013', 283, 80, 69, 155, 144),
(428, 84, 12, '2014', 272, 110, 142, 53, 122),
(429, 173, 2, '2012', 304, 118, 90, 142, 166),
(430, 99, 4, '2012', 479, 62, 130, 70, 50),
(431, 126, 2, '2014', 580, 83, 124, 202, 50),
(432, 115, 8, '2012', 294, 108, 126, 71, 86),
(433, 86, 10, '2013', 458, 108, 63, 91, 132),
(434, 144, 11, '2012', 486, 71, 89, 34, 129),
(435, 74, 8, '2014', 579, 63, 76, 229, 113),
(436, 158, 4, '2013', 589, 93, 65, 25, 168),
(437, 176, 4, '2012', 332, 74, 84, 39, 169),
(438, 146, 5, '2015', 589, 107, 134, 196, 56),
(439, 118, 12, '2014', 544, 98, 116, 200, 165),
(440, 151, 2, '2013', 447, 118, 122, 194, 156),
(441, 86, 3, '2014', 402, 106, 120, 93, 125),
(442, 116, 3, '2013', 559, 111, 138, 103, 169),
(443, 75, 10, '2015', 558, 76, 123, 58, 182),
(444, 155, 2, '2014', 591, 105, 71, 162, 165),
(445, 97, 3, '2014', 246, 104, 117, 158, 162),
(446, 91, 5, '2012', 204, 89, 69, 38, 123),
(447, 96, 8, '2014', 261, 119, 139, 45, 189),
(448, 177, 2, '2013', 242, 60, 98, 171, 146),
(449, 88, 5, '2012', 473, 120, 138, 221, 110),
(450, 101, 11, '2015', 580, 108, 70, 143, 74),
(451, 152, 7, '2012', 428, 59, 128, 61, 164),
(452, 138, 7, '2012', 378, 81, 149, 188, 189),
(453, 141, 7, '2014', 533, 91, 106, 149, 195),
(454, 92, 7, '2015', 562, 80, 92, 230, 71),
(455, 154, 10, '2014', 237, 65, 110, 59, 77),
(456, 75, 1, '2012', 449, 67, 62, 31, 148),
(457, 83, 7, '2012', 471, 113, 150, 76, 166),
(458, 163, 9, '2015', 377, 69, 99, 218, 187),
(459, 96, 11, '2015', 297, 120, 121, 24, 141),
(460, 92, 5, '2014', 258, 58, 82, 170, 178),
(461, 123, 10, '2015', 416, 109, 77, 79, 123),
(462, 74, 12, '2015', 322, 70, 141, 119, 74),
(463, 90, 12, '2012', 472, 101, 135, 84, 147),
(464, 146, 7, '2013', 438, 65, 147, 139, 115),
(465, 104, 12, '2014', 233, 88, 99, 136, 118),
(466, 99, 10, '2015', 262, 98, 100, 203, 188),
(467, 155, 8, '2015', 504, 100, 125, 212, 151),
(468, 96, 12, '2014', 375, 111, 139, 228, 195),
(469, 125, 2, '2014', 295, 87, 145, 184, 111),
(470, 111, 9, '2012', 300, 57, 110, 155, 105),
(471, 101, 10, '2013', 488, 94, 90, 100, 177),
(472, 76, 11, '2014', 503, 94, 72, 230, 176),
(473, 94, 6, '2012', 280, 62, 144, 90, 117),
(474, 172, 10, '2015', 536, 115, 122, 142, 124),
(475, 104, 11, '2013', 533, 113, 116, 140, 123),
(476, 83, 10, '2014', 397, 101, 86, 209, 177),
(477, 100, 12, '2015', 416, 104, 78, 181, 125),
(478, 174, 2, '2012', 275, 93, 135, 200, 193),
(479, 158, 12, '2015', 453, 79, 104, 20, 137),
(480, 127, 8, '2012', 567, 93, 74, 63, 134),
(481, 159, 10, '2015', 591, 111, 140, 88, 149),
(482, 146, 9, '2014', 297, 118, 94, 139, 50),
(483, 154, 12, '2015', 549, 119, 88, 172, 152),
(484, 171, 11, '2013', 319, 108, 128, 66, 127),
(485, 98, 7, '2013', 487, 114, 143, 185, 190),
(486, 169, 1, '2014', 476, 87, 106, 181, 84),
(487, 166, 4, '2014', 244, 87, 64, 133, 107),
(488, 78, 6, '2015', 263, 78, 134, 58, 59),
(489, 87, 6, '2012', 553, 70, 75, 59, 109),
(490, 128, 5, '2013', 501, 119, 63, 72, 72),
(491, 115, 2, '2013', 248, 113, 97, 193, 86),
(492, 115, 7, '2014', 294, 120, 79, 134, 100),
(493, 78, 11, '2013', 410, 119, 148, 64, 75),
(494, 151, 11, '2013', 352, 117, 125, 214, 146),
(495, 98, 6, '2013', 267, 86, 134, 115, 169),
(496, 76, 3, '2013', 451, 72, 101, 229, 129),
(497, 138, 7, '2012', 578, 80, 69, 104, 177),
(498, 155, 4, '2012', 465, 101, 106, 94, 104),
(499, 82, 7, '2015', 431, 72, 150, 171, 115),
(500, 164, 4, '2012', 551, 95, 69, 161, 89),
(501, 170, 12, '2014', 243, 61, 65, 67, 66),
(502, 86, 1, '2015', 500, 94, 150, 87, 180),
(503, 131, 11, '2014', 542, 99, 79, 32, 137),
(504, 109, 7, '2014', 483, 118, 132, 21, 188),
(505, 97, 10, '2013', 352, 72, 109, 147, 157),
(506, 170, 10, '2013', 462, 98, 85, 38, 165),
(507, 81, 5, '2012', 457, 59, 63, 49, 121),
(508, 143, 12, '2015', 537, 55, 119, 173, 90),
(509, 129, 11, '2012', 566, 104, 65, 187, 76),
(510, 163, 7, '2012', 549, 58, 106, 208, 141),
(511, 151, 5, '2012', 504, 80, 88, 182, 179),
(512, 81, 3, '2013', 206, 77, 62, 166, 189),
(513, 80, 3, '2013', 455, 112, 108, 203, 50),
(514, 100, 2, '2013', 208, 103, 82, 193, 74),
(515, 125, 9, '2013', 542, 80, 124, 81, 186),
(516, 110, 5, '2013', 414, 74, 146, 123, 120),
(517, 156, 9, '2012', 535, 97, 125, 219, 168),
(518, 178, 2, '2014', 400, 78, 60, 51, 135),
(519, 101, 4, '2014', 546, 75, 101, 39, 53),
(520, 146, 12, '2013', 495, 88, 100, 33, 109),
(521, 76, 1, '2015', 321, 110, 62, 63, 182),
(522, 167, 3, '2015', 277, 98, 109, 55, 156),
(523, 103, 10, '2012', 261, 85, 61, 217, 67),
(524, 101, 3, '2014', 338, 66, 93, 118, 84),
(525, 174, 2, '2012', 411, 92, 145, 189, 148),
(526, 126, 10, '2012', 487, 59, 91, 107, 82),
(527, 172, 9, '2014', 246, 61, 116, 91, 93),
(528, 154, 5, '2012', 260, 119, 145, 90, 173),
(529, 103, 1, '2015', 394, 94, 89, 112, 176),
(530, 84, 5, '2015', 374, 73, 82, 155, 181),
(531, 177, 11, '2015', 375, 83, 122, 207, 64),
(532, 135, 10, '2012', 359, 61, 91, 87, 200),
(533, 130, 3, '2015', 416, 80, 67, 67, 185),
(534, 88, 8, '2014', 600, 92, 110, 230, 62),
(535, 94, 6, '2015', 514, 61, 119, 93, 111),
(536, 90, 3, '2014', 257, 68, 147, 189, 51),
(537, 168, 8, '2015', 206, 80, 146, 203, 107),
(538, 114, 1, '2014', 286, 109, 96, 92, 114),
(539, 109, 10, '2013', 296, 95, 61, 46, 188),
(540, 122, 2, '2014', 410, 84, 80, 72, 151),
(541, 82, 10, '2012', 316, 108, 121, 145, 110),
(542, 91, 9, '2015', 424, 67, 122, 39, 155),
(543, 141, 11, '2014', 430, 61, 62, 112, 133),
(544, 137, 11, '2015', 325, 100, 74, 48, 103),
(545, 78, 6, '2015', 440, 62, 92, 221, 95),
(546, 170, 4, '2015', 230, 84, 121, 224, 79),
(547, 89, 7, '2015', 367, 99, 144, 205, 183),
(548, 76, 2, '2014', 382, 69, 125, 101, 162),
(549, 78, 11, '2013', 572, 65, 100, 196, 173),
(550, 155, 12, '2015', 449, 61, 85, 20, 79),
(551, 104, 1, '2014', 441, 70, 145, 22, 176),
(552, 153, 8, '2014', 574, 110, 93, 218, 181),
(553, 152, 11, '2014', 272, 68, 123, 221, 86),
(554, 166, 8, '2012', 519, 85, 109, 144, 99),
(555, 136, 5, '2013', 589, 82, 75, 28, 73),
(556, 155, 9, '2015', 590, 70, 83, 102, 66),
(557, 106, 9, '2013', 585, 70, 115, 41, 150),
(558, 86, 12, '2012', 300, 56, 82, 160, 153),
(559, 94, 2, '2015', 566, 79, 143, 98, 116),
(560, 87, 10, '2012', 284, 67, 81, 141, 53),
(561, 173, 9, '2015', 466, 74, 128, 140, 162),
(562, 104, 3, '2013', 444, 111, 149, 120, 126),
(563, 145, 6, '2012', 476, 100, 133, 50, 135),
(564, 120, 11, '2012', 574, 115, 83, 54, 92),
(565, 88, 3, '2013', 543, 88, 114, 159, 152),
(566, 165, 12, '2013', 456, 102, 89, 55, 147),
(567, 162, 4, '2014', 554, 103, 133, 108, 124),
(568, 126, 8, '2012', 405, 70, 70, 144, 194),
(569, 174, 4, '2012', 353, 78, 124, 109, 64),
(570, 89, 2, '2015', 484, 98, 132, 148, 90),
(571, 147, 9, '2012', 503, 55, 105, 192, 70),
(572, 88, 5, '2014', 576, 93, 147, 46, 163),
(573, 158, 6, '2013', 339, 59, 122, 37, 93),
(574, 109, 4, '2012', 536, 65, 126, 22, 72),
(575, 139, 7, '2012', 261, 84, 141, 106, 68),
(576, 116, 9, '2013', 393, 77, 115, 181, 136),
(577, 98, 10, '2015', 596, 71, 127, 230, 55),
(578, 122, 5, '2014', 461, 118, 107, 224, 159),
(579, 92, 2, '2012', 365, 64, 100, 198, 129),
(580, 164, 10, '2015', 430, 104, 76, 93, 74),
(581, 152, 5, '2012', 403, 98, 66, 99, 102),
(582, 95, 7, '2015', 243, 110, 108, 196, 166),
(583, 175, 5, '2015', 252, 89, 87, 38, 101),
(584, 122, 11, '2012', 434, 83, 118, 206, 91),
(585, 118, 10, '2012', 330, 117, 109, 194, 192),
(586, 107, 11, '2015', 598, 107, 144, 33, 73),
(587, 94, 3, '2014', 239, 120, 144, 110, 140),
(588, 88, 8, '2013', 322, 71, 150, 128, 149),
(589, 147, 5, '2012', 410, 84, 111, 96, 94),
(590, 75, 11, '2012', 215, 58, 139, 201, 74),
(591, 113, 6, '2012', 254, 59, 142, 124, 171),
(592, 168, 12, '2012', 285, 78, 101, 91, 101),
(593, 155, 3, '2015', 330, 111, 143, 91, 107),
(594, 105, 10, '2014', 527, 105, 146, 209, 57),
(595, 89, 1, '2012', 205, 100, 150, 188, 132),
(596, 148, 3, '2013', 411, 87, 81, 104, 131),
(597, 77, 1, '2012', 249, 93, 120, 191, 177),
(598, 84, 3, '2014', 435, 90, 75, 112, 185),
(599, 79, 10, '2014', 228, 73, 76, 195, 122),
(600, 128, 4, '2014', 464, 73, 143, 57, 62),
(601, 125, 7, '2014', 580, 67, 121, 202, 130),
(602, 90, 7, '2012', 573, 55, 110, 74, 128),
(603, 122, 9, '2012', 363, 94, 82, 228, 183),
(604, 148, 4, '2014', 416, 70, 95, 203, 119),
(605, 164, 10, '2013', 253, 87, 63, 148, 51),
(606, 134, 9, '2012', 515, 85, 142, 137, 69),
(607, 135, 8, '2014', 598, 74, 99, 150, 168),
(608, 154, 6, '2012', 433, 78, 70, 49, 114),
(609, 114, 10, '2012', 429, 90, 139, 154, 126),
(610, 119, 1, '2013', 455, 113, 85, 62, 131),
(611, 107, 2, '2012', 522, 56, 142, 130, 91),
(612, 100, 11, '2013', 560, 55, 89, 81, 200),
(613, 154, 10, '2015', 308, 81, 138, 36, 147),
(614, 153, 3, '2013', 590, 94, 112, 159, 158),
(615, 143, 1, '2015', 464, 79, 73, 100, 75),
(616, 100, 7, '2013', 208, 79, 66, 84, 69),
(617, 132, 9, '2014', 491, 116, 89, 148, 178),
(618, 163, 3, '2013', 478, 79, 147, 217, 106),
(619, 135, 11, '2014', 505, 113, 133, 167, 52),
(620, 79, 5, '2014', 319, 76, 129, 45, 66),
(621, 117, 1, '2015', 210, 114, 121, 214, 150),
(622, 109, 7, '2013', 307, 78, 74, 127, 134),
(623, 131, 11, '2012', 270, 72, 74, 106, 58),
(624, 167, 10, '2012', 236, 73, 69, 101, 104),
(625, 76, 3, '2014', 580, 75, 67, 151, 80),
(626, 147, 5, '2012', 347, 61, 68, 38, 98),
(627, 106, 9, '2012', 324, 88, 97, 93, 75),
(628, 156, 4, '2014', 259, 68, 148, 149, 100),
(629, 170, 4, '2015', 587, 76, 90, 117, 63),
(630, 114, 8, '2012', 419, 107, 131, 32, 168),
(631, 94, 12, '2015', 433, 80, 67, 154, 65),
(632, 166, 10, '2012', 459, 120, 83, 60, 152),
(633, 115, 1, '2012', 365, 64, 150, 101, 167),
(634, 161, 7, '2012', 404, 70, 132, 77, 73),
(635, 125, 6, '2015', 283, 93, 146, 25, 186),
(636, 95, 10, '2015', 582, 111, 99, 48, 180),
(637, 79, 8, '2015', 503, 98, 62, 154, 146),
(638, 156, 7, '2012', 315, 109, 60, 60, 162),
(639, 146, 12, '2012', 349, 81, 122, 162, 199),
(640, 152, 1, '2014', 413, 90, 106, 187, 160),
(641, 133, 2, '2014', 434, 57, 63, 36, 193),
(642, 173, 2, '2013', 372, 82, 146, 150, 54),
(643, 158, 5, '2014', 285, 106, 93, 42, 197),
(644, 175, 9, '2013', 491, 63, 64, 33, 91),
(645, 90, 6, '2012', 597, 97, 119, 135, 107),
(646, 157, 1, '2014', 255, 112, 90, 63, 109),
(647, 98, 11, '2013', 456, 108, 127, 169, 58),
(648, 76, 12, '2014', 580, 117, 98, 212, 155),
(649, 105, 6, '2013', 329, 101, 125, 195, 58),
(650, 98, 3, '2014', 310, 116, 91, 107, 142),
(651, 162, 5, '2015', 319, 66, 131, 49, 50),
(652, 111, 3, '2013', 587, 100, 62, 218, 134),
(653, 129, 7, '2015', 500, 101, 140, 200, 96),
(654, 103, 10, '2012', 594, 58, 77, 152, 61),
(655, 170, 5, '2012', 475, 118, 124, 162, 164),
(656, 118, 3, '2015', 523, 86, 150, 204, 78),
(657, 82, 9, '2014', 424, 115, 61, 159, 66),
(658, 170, 6, '2015', 597, 104, 90, 213, 121),
(659, 113, 2, '2012', 255, 94, 139, 89, 69),
(660, 176, 12, '2015', 477, 57, 62, 155, 117),
(661, 98, 5, '2015', 473, 92, 106, 57, 129),
(662, 75, 1, '2014', 335, 85, 102, 105, 133),
(663, 75, 9, '2014', 282, 67, 77, 64, 181),
(664, 75, 8, '2012', 312, 116, 149, 97, 100),
(665, 92, 12, '2014', 552, 104, 87, 99, 91),
(666, 164, 3, '2015', 336, 66, 125, 98, 71),
(667, 151, 6, '2015', 383, 83, 108, 192, 127),
(668, 124, 7, '2012', 392, 69, 137, 218, 200),
(669, 159, 8, '2015', 532, 76, 90, 92, 143),
(670, 130, 12, '2014', 468, 56, 124, 132, 159),
(671, 80, 7, '2015', 368, 113, 99, 229, 192),
(672, 99, 9, '2013', 594, 91, 77, 140, 149),
(673, 161, 6, '2014', 550, 79, 126, 207, 59),
(674, 96, 6, '2012', 282, 64, 107, 148, 68),
(675, 158, 4, '2013', 263, 85, 83, 230, 118),
(676, 144, 11, '2012', 597, 106, 117, 188, 84),
(677, 163, 7, '2015', 510, 102, 113, 35, 156),
(678, 81, 9, '2013', 406, 120, 144, 59, 119),
(679, 131, 1, '2014', 354, 92, 130, 62, 101),
(680, 150, 11, '2012', 464, 111, 113, 186, 120),
(681, 117, 12, '2014', 526, 96, 83, 183, 124),
(682, 141, 10, '2015', 403, 56, 142, 168, 106),
(683, 137, 4, '2015', 522, 55, 96, 24, 109),
(684, 103, 10, '2015', 297, 68, 126, 145, 184),
(685, 132, 12, '2014', 235, 61, 60, 182, 160),
(686, 96, 11, '2014', 536, 116, 139, 99, 89),
(687, 172, 5, '2012', 412, 71, 129, 84, 183),
(688, 108, 9, '2012', 409, 103, 61, 149, 130),
(689, 167, 2, '2013', 208, 101, 91, 83, 52),
(690, 157, 8, '2014', 597, 57, 138, 175, 194),
(691, 159, 4, '2014', 542, 85, 86, 75, 95),
(692, 154, 9, '2013', 581, 115, 149, 157, 173),
(693, 90, 3, '2012', 338, 120, 101, 36, 166),
(694, 115, 6, '2014', 514, 87, 76, 53, 87),
(695, 74, 2, '2012', 278, 70, 126, 148, 198),
(696, 175, 2, '2012', 291, 91, 87, 111, 174),
(697, 92, 6, '2013', 298, 100, 112, 60, 145),
(698, 143, 7, '2015', 223, 55, 134, 34, 136),
(699, 107, 4, '2012', 254, 76, 83, 171, 171),
(700, 106, 6, '2013', 357, 106, 65, 52, 179),
(701, 166, 1, '2015', 274, 91, 75, 229, 134),
(702, 170, 6, '2015', 400, 60, 70, 204, 158),
(703, 136, 7, '2013', 496, 106, 115, 101, 53),
(704, 147, 8, '2012', 463, 90, 73, 37, 197),
(705, 131, 8, '2012', 421, 104, 121, 184, 118),
(706, 78, 7, '2014', 357, 61, 134, 88, 117),
(707, 130, 6, '2014', 564, 111, 126, 223, 158),
(708, 114, 3, '2015', 589, 114, 60, 144, 171),
(709, 148, 6, '2013', 594, 55, 122, 97, 62),
(710, 129, 7, '2013', 230, 104, 94, 36, 85),
(711, 125, 10, '2014', 464, 68, 60, 75, 152),
(712, 136, 1, '2014', 312, 74, 88, 130, 152),
(713, 160, 1, '2012', 333, 68, 67, 20, 71),
(714, 145, 4, '2013', 259, 69, 69, 190, 145),
(715, 99, 8, '2015', 226, 120, 114, 177, 150),
(716, 76, 9, '2013', 348, 84, 148, 34, 191),
(717, 163, 7, '2012', 372, 109, 113, 205, 126),
(718, 152, 7, '2014', 598, 62, 130, 212, 177),
(719, 78, 8, '2013', 486, 58, 123, 57, 152),
(720, 78, 6, '2012', 546, 62, 134, 36, 115),
(721, 141, 10, '2012', 428, 84, 82, 25, 171),
(722, 93, 9, '2012', 450, 75, 149, 206, 84),
(723, 162, 1, '2012', 519, 116, 90, 203, 192),
(724, 89, 10, '2012', 311, 120, 142, 208, 81),
(725, 74, 3, '2014', 599, 117, 79, 30, 184),
(726, 108, 7, '2015', 381, 57, 92, 143, 130),
(727, 130, 7, '2015', 482, 70, 93, 91, 154),
(728, 118, 1, '2015', 309, 60, 96, 174, 96),
(729, 120, 6, '2012', 522, 57, 85, 102, 140),
(730, 126, 12, '2013', 438, 115, 149, 104, 174),
(731, 85, 11, '2012', 597, 104, 130, 144, 88),
(732, 151, 1, '2013', 479, 119, 139, 116, 108),
(733, 171, 3, '2012', 302, 80, 114, 108, 193),
(734, 139, 8, '2013', 522, 92, 144, 147, 176),
(735, 175, 9, '2014', 547, 104, 141, 110, 93),
(736, 103, 3, '2012', 225, 59, 94, 71, 54),
(737, 97, 9, '2013', 422, 106, 128, 73, 151),
(738, 81, 10, '2012', 514, 63, 116, 25, 169),
(739, 135, 3, '2015', 273, 94, 126, 151, 131),
(740, 104, 9, '2012', 315, 106, 76, 97, 154),
(741, 162, 12, '2013', 381, 57, 126, 43, 151),
(742, 144, 8, '2013', 598, 74, 97, 205, 179),
(743, 119, 7, '2014', 446, 98, 78, 219, 200),
(744, 160, 9, '2012', 380, 63, 83, 28, 113),
(745, 152, 12, '2013', 577, 74, 107, 171, 88),
(746, 115, 7, '2013', 399, 85, 76, 56, 176),
(747, 108, 5, '2013', 426, 76, 84, 204, 141),
(748, 138, 10, '2012', 542, 73, 132, 131, 92),
(749, 129, 3, '2013', 432, 88, 84, 204, 131),
(750, 115, 3, '2014', 249, 107, 90, 67, 67),
(751, 93, 8, '2014', 444, 95, 150, 187, 179),
(752, 120, 7, '2015', 585, 119, 127, 223, 138),
(753, 177, 5, '2013', 251, 74, 104, 43, 170),
(754, 127, 1, '2015', 365, 75, 92, 195, 111),
(755, 146, 9, '2012', 208, 103, 131, 198, 185),
(756, 169, 4, '2013', 428, 107, 99, 116, 133),
(757, 104, 10, '2012', 339, 59, 61, 220, 197),
(758, 125, 8, '2013', 422, 93, 100, 94, 63),
(759, 79, 10, '2014', 482, 72, 97, 78, 189),
(760, 98, 9, '2015', 547, 88, 82, 189, 65),
(761, 99, 3, '2014', 359, 67, 62, 169, 199),
(762, 127, 11, '2012', 566, 70, 109, 116, 135),
(763, 99, 2, '2012', 543, 103, 88, 218, 138),
(764, 132, 5, '2014', 550, 108, 131, 195, 84),
(765, 84, 6, '2014', 490, 82, 134, 172, 105),
(766, 157, 6, '2013', 354, 110, 134, 98, 136),
(767, 173, 11, '2013', 235, 108, 82, 73, 96),
(768, 105, 5, '2012', 408, 56, 131, 101, 169),
(769, 99, 5, '2014', 291, 94, 92, 147, 85),
(770, 87, 9, '2013', 330, 105, 91, 110, 87),
(771, 175, 6, '2015', 241, 102, 87, 213, 51),
(772, 172, 5, '2013', 591, 75, 134, 131, 107),
(773, 167, 10, '2015', 272, 63, 110, 97, 198),
(774, 138, 12, '2015', 291, 103, 60, 194, 163),
(775, 75, 3, '2014', 487, 96, 115, 212, 79),
(776, 163, 1, '2015', 349, 57, 137, 174, 149),
(777, 149, 6, '2013', 421, 63, 111, 224, 110),
(778, 159, 8, '2013', 255, 110, 131, 200, 68),
(779, 75, 10, '2012', 240, 90, 85, 74, 148),
(780, 126, 11, '2015', 311, 120, 94, 183, 89),
(781, 165, 2, '2012', 431, 55, 112, 35, 144),
(782, 176, 3, '2013', 586, 66, 72, 69, 136),
(783, 145, 7, '2012', 580, 70, 96, 179, 83),
(784, 147, 10, '2015', 267, 93, 75, 27, 167),
(785, 123, 9, '2014', 417, 55, 65, 74, 120),
(786, 134, 1, '2013', 442, 105, 80, 220, 72),
(787, 101, 5, '2012', 504, 59, 119, 163, 50),
(788, 125, 2, '2014', 424, 105, 134, 189, 65),
(789, 116, 10, '2015', 257, 89, 102, 33, 182),
(790, 153, 7, '2013', 335, 77, 96, 78, 173),
(791, 131, 6, '2014', 286, 86, 121, 103, 96),
(792, 178, 5, '2014', 548, 61, 130, 88, 53),
(793, 128, 11, '2014', 372, 97, 142, 139, 179),
(794, 102, 2, '2015', 421, 86, 144, 125, 120),
(795, 105, 7, '2013', 306, 96, 107, 208, 179),
(796, 171, 4, '2015', 558, 73, 142, 91, 175),
(797, 123, 5, '2012', 304, 102, 133, 64, 175),
(798, 111, 7, '2014', 585, 82, 111, 75, 124),
(799, 144, 2, '2014', 300, 71, 63, 183, 77),
(800, 95, 2, '2014', 583, 82, 94, 210, 161),
(801, 82, 4, '2012', 217, 77, 123, 161, 66),
(802, 98, 5, '2014', 317, 88, 149, 154, 140),
(803, 109, 4, '2012', 306, 63, 65, 119, 178),
(804, 176, 3, '2014', 573, 60, 122, 165, 62),
(805, 154, 8, '2012', 579, 65, 150, 121, 78),
(806, 100, 6, '2014', 416, 102, 148, 59, 151),
(807, 79, 8, '2015', 589, 96, 90, 192, 93),
(808, 121, 10, '2013', 469, 59, 103, 142, 57),
(809, 164, 6, '2013', 451, 68, 136, 161, 165),
(810, 137, 8, '2015', 279, 105, 141, 197, 123),
(811, 177, 5, '2014', 350, 98, 137, 229, 137),
(812, 110, 8, '2012', 215, 106, 68, 213, 118),
(813, 174, 6, '2015', 263, 56, 123, 56, 148),
(814, 146, 10, '2015', 232, 82, 69, 98, 121),
(815, 117, 5, '2012', 400, 120, 95, 79, 83),
(816, 135, 8, '2013', 505, 108, 98, 211, 154),
(817, 89, 1, '2012', 575, 87, 85, 31, 138),
(818, 163, 6, '2013', 508, 97, 93, 31, 52),
(819, 135, 3, '2012', 591, 81, 103, 163, 140),
(820, 113, 1, '2015', 427, 102, 140, 98, 152),
(821, 104, 12, '2012', 445, 68, 113, 202, 169),
(822, 169, 4, '2015', 430, 79, 143, 35, 107),
(823, 140, 5, '2012', 525, 82, 63, 129, 157),
(824, 160, 9, '2012', 305, 64, 69, 28, 138),
(825, 75, 5, '2015', 270, 75, 91, 188, 83),
(826, 145, 12, '2013', 573, 109, 148, 92, 63),
(827, 131, 3, '2014', 469, 103, 125, 159, 129),
(828, 117, 11, '2014', 307, 88, 88, 133, 182),
(829, 91, 4, '2013', 435, 120, 111, 37, 120),
(830, 127, 9, '2015', 540, 66, 93, 43, 176),
(831, 111, 1, '2015', 411, 92, 67, 188, 86),
(832, 111, 10, '2012', 281, 73, 83, 205, 171),
(833, 169, 7, '2013', 514, 61, 87, 135, 104),
(834, 76, 4, '2014', 580, 116, 129, 21, 81),
(835, 142, 1, '2015', 536, 65, 106, 168, 164),
(836, 145, 4, '2015', 220, 80, 109, 79, 88),
(837, 152, 6, '2014', 276, 71, 109, 226, 196),
(838, 144, 11, '2014', 498, 80, 110, 175, 97),
(839, 81, 3, '2012', 540, 110, 68, 71, 60),
(840, 115, 9, '2013', 405, 77, 85, 78, 156),
(841, 134, 6, '2014', 475, 112, 61, 211, 195),
(842, 95, 9, '2014', 211, 59, 137, 203, 67),
(843, 78, 1, '2015', 536, 67, 92, 23, 115),
(844, 89, 4, '2014', 246, 96, 126, 136, 192),
(845, 99, 6, '2012', 556, 92, 84, 141, 100),
(846, 168, 7, '2015', 379, 106, 126, 163, 191),
(847, 117, 5, '2014', 328, 64, 106, 163, 62),
(848, 160, 11, '2015', 289, 88, 113, 46, 153),
(849, 113, 10, '2012', 521, 120, 117, 121, 81),
(850, 134, 11, '2015', 295, 112, 141, 60, 197),
(851, 97, 10, '2015', 200, 119, 146, 155, 60),
(852, 126, 3, '2015', 373, 117, 63, 206, 121),
(853, 107, 1, '2015', 403, 90, 129, 157, 84),
(854, 119, 11, '2014', 330, 68, 135, 127, 56),
(855, 142, 9, '2012', 398, 85, 94, 42, 84),
(856, 88, 7, '2013', 436, 69, 89, 161, 80),
(857, 149, 11, '2014', 531, 101, 69, 46, 110),
(858, 173, 7, '2014', 355, 114, 124, 183, 144),
(859, 122, 12, '2014', 525, 60, 142, 38, 177),
(860, 91, 11, '2012', 576, 60, 141, 77, 55),
(861, 167, 7, '2013', 322, 61, 122, 194, 107),
(862, 102, 9, '2012', 256, 101, 102, 158, 103),
(863, 94, 5, '2014', 556, 86, 126, 115, 104),
(864, 95, 10, '2012', 200, 102, 134, 154, 196),
(865, 79, 4, '2013', 419, 56, 95, 135, 59),
(866, 174, 7, '2014', 362, 88, 86, 90, 162),
(867, 105, 9, '2014', 588, 104, 134, 24, 150),
(868, 132, 2, '2013', 465, 73, 76, 224, 105),
(869, 138, 5, '2012', 263, 70, 134, 120, 196),
(870, 149, 3, '2014', 319, 87, 87, 87, 184),
(871, 91, 9, '2012', 584, 98, 150, 77, 171),
(872, 104, 9, '2013', 408, 99, 145, 224, 115),
(873, 98, 11, '2014', 300, 71, 112, 106, 104),
(874, 134, 4, '2015', 592, 101, 106, 39, 161),
(875, 95, 3, '2012', 539, 118, 140, 141, 161),
(876, 143, 8, '2012', 253, 96, 116, 178, 187),
(877, 163, 6, '2013', 512, 92, 120, 203, 199),
(878, 103, 3, '2013', 233, 80, 135, 167, 115),
(879, 118, 4, '2014', 408, 60, 143, 98, 113),
(880, 107, 4, '2012', 571, 98, 104, 133, 159),
(881, 129, 10, '2013', 393, 117, 143, 183, 100),
(882, 166, 5, '2014', 542, 114, 69, 59, 184),
(883, 137, 10, '2015', 439, 74, 113, 23, 141),
(884, 95, 12, '2015', 305, 67, 132, 53, 141),
(885, 108, 11, '2015', 211, 118, 83, 31, 89),
(886, 74, 12, '2013', 276, 104, 78, 179, 58),
(887, 177, 1, '2015', 310, 77, 131, 180, 114),
(888, 103, 10, '2014', 290, 57, 62, 171, 88),
(889, 166, 4, '2015', 395, 89, 100, 150, 92),
(890, 97, 11, '2012', 242, 120, 132, 113, 61),
(891, 136, 3, '2013', 493, 97, 119, 133, 149),
(892, 130, 5, '2013', 289, 74, 86, 60, 194),
(893, 147, 9, '2014', 525, 112, 144, 180, 168),
(894, 74, 2, '2015', 346, 116, 149, 87, 101),
(895, 92, 4, '2015', 240, 116, 144, 186, 78),
(896, 76, 10, '2014', 451, 105, 150, 84, 115),
(897, 176, 7, '2015', 527, 73, 110, 86, 104),
(898, 85, 1, '2015', 475, 98, 124, 114, 177),
(899, 105, 7, '2012', 458, 62, 77, 199, 199),
(900, 157, 3, '2012', 479, 109, 114, 218, 96),
(901, 125, 3, '2012', 275, 96, 75, 188, 136),
(902, 148, 12, '2015', 238, 107, 112, 96, 174),
(903, 99, 6, '2014', 585, 105, 139, 156, 71),
(904, 172, 5, '2013', 338, 76, 139, 51, 63),
(905, 123, 3, '2014', 207, 66, 108, 159, 67),
(906, 136, 5, '2013', 259, 120, 142, 30, 167),
(907, 81, 10, '2012', 507, 102, 111, 100, 162),
(908, 81, 7, '2013', 514, 77, 114, 145, 167),
(909, 93, 5, '2015', 466, 118, 130, 174, 145),
(910, 88, 4, '2014', 211, 73, 122, 230, 107),
(911, 86, 5, '2015', 557, 62, 88, 83, 170),
(912, 93, 8, '2013', 258, 57, 65, 129, 55),
(913, 113, 5, '2012', 367, 89, 93, 90, 151),
(914, 131, 9, '2013', 298, 114, 97, 202, 145),
(915, 148, 1, '2013', 291, 88, 133, 81, 195),
(916, 117, 6, '2014', 273, 97, 65, 48, 131),
(917, 174, 5, '2014', 579, 94, 106, 74, 173),
(918, 147, 3, '2015', 242, 84, 99, 76, 85),
(919, 107, 1, '2013', 359, 109, 73, 77, 127),
(920, 109, 6, '2013', 310, 117, 103, 41, 143),
(921, 115, 7, '2014', 295, 84, 115, 33, 107),
(922, 161, 9, '2015', 425, 82, 136, 167, 83),
(923, 130, 7, '2014', 526, 105, 95, 22, 83),
(924, 111, 6, '2013', 453, 86, 134, 67, 101),
(925, 169, 3, '2012', 244, 103, 144, 87, 172),
(926, 161, 4, '2013', 366, 58, 78, 36, 117),
(927, 88, 10, '2015', 286, 96, 109, 199, 114),
(928, 120, 9, '2012', 592, 89, 106, 95, 141),
(929, 140, 7, '2012', 444, 116, 82, 120, 107),
(930, 173, 5, '2012', 361, 108, 108, 211, 59),
(931, 152, 9, '2013', 352, 87, 142, 45, 96),
(932, 88, 2, '2015', 443, 82, 101, 130, 153),
(933, 155, 3, '2013', 442, 61, 107, 28, 172),
(934, 166, 4, '2014', 304, 72, 101, 90, 133),
(935, 94, 3, '2014', 485, 58, 83, 214, 55),
(936, 151, 11, '2013', 551, 104, 99, 213, 157),
(937, 147, 7, '2012', 244, 69, 107, 106, 90),
(938, 176, 12, '2013', 209, 114, 125, 23, 193),
(939, 145, 6, '2012', 277, 71, 135, 41, 100),
(940, 158, 1, '2012', 254, 118, 122, 100, 70),
(941, 141, 4, '2012', 498, 78, 86, 159, 194),
(942, 135, 7, '2013', 491, 100, 150, 207, 190),
(943, 78, 8, '2015', 534, 101, 89, 164, 132),
(944, 126, 3, '2015', 409, 84, 139, 24, 86),
(945, 164, 12, '2012', 580, 58, 109, 59, 98),
(946, 93, 1, '2015', 547, 76, 118, 132, 174),
(947, 76, 10, '2015', 515, 110, 74, 106, 125),
(948, 161, 6, '2013', 591, 56, 83, 225, 127),
(949, 148, 10, '2014', 258, 61, 101, 50, 52),
(950, 94, 10, '2015', 306, 58, 148, 56, 92),
(951, 92, 4, '2013', 504, 64, 118, 75, 87),
(952, 146, 11, '2014', 205, 82, 149, 185, 173),
(953, 152, 12, '2014', 292, 101, 94, 88, 67),
(954, 122, 5, '2015', 419, 112, 88, 95, 157),
(955, 151, 7, '2015', 527, 74, 126, 210, 194),
(956, 100, 4, '2012', 423, 72, 64, 90, 126),
(957, 178, 8, '2013', 512, 64, 123, 174, 93),
(958, 78, 9, '2013', 456, 72, 86, 162, 156),
(959, 160, 7, '2015', 535, 80, 140, 125, 85),
(960, 159, 8, '2012', 243, 102, 61, 96, 138),
(961, 79, 3, '2013', 468, 81, 77, 174, 170),
(962, 78, 8, '2013', 535, 72, 148, 215, 121),
(963, 174, 5, '2012', 453, 91, 105, 47, 82),
(964, 138, 12, '2012', 539, 100, 133, 48, 108),
(965, 174, 2, '2012', 371, 114, 116, 196, 86),
(966, 112, 2, '2014', 399, 88, 85, 50, 88),
(967, 171, 4, '2014', 256, 58, 144, 29, 136),
(968, 75, 1, '2013', 427, 55, 148, 96, 108),
(969, 100, 3, '2015', 365, 112, 70, 148, 80),
(970, 173, 7, '2013', 317, 94, 132, 69, 85),
(971, 97, 9, '2015', 405, 94, 74, 166, 67),
(972, 163, 9, '2013', 246, 111, 83, 48, 129),
(973, 135, 11, '2012', 274, 67, 73, 49, 196),
(974, 131, 2, '2014', 522, 80, 61, 36, 66),
(975, 104, 11, '2014', 588, 88, 143, 50, 100),
(976, 92, 7, '2014', 302, 116, 124, 170, 161),
(977, 135, 10, '2013', 478, 89, 106, 58, 170),
(978, 160, 3, '2013', 502, 107, 138, 158, 50),
(979, 155, 10, '2013', 510, 95, 67, 108, 190),
(980, 139, 11, '2015', 208, 73, 99, 87, 161),
(981, 173, 11, '2012', 556, 106, 135, 128, 122),
(982, 171, 7, '2012', 567, 96, 143, 115, 136),
(983, 162, 6, '2014', 389, 65, 101, 125, 110),
(984, 107, 11, '2014', 425, 90, 106, 61, 174),
(985, 119, 1, '2013', 370, 115, 129, 67, 89),
(986, 120, 10, '2015', 489, 76, 61, 185, 143),
(987, 116, 5, '2012', 225, 64, 108, 98, 132),
(988, 115, 4, '2013', 311, 80, 115, 91, 60),
(989, 154, 3, '2014', 465, 75, 105, 121, 123),
(990, 114, 6, '2014', 371, 68, 64, 227, 130),
(991, 141, 5, '2015', 591, 82, 94, 35, 69),
(992, 97, 8, '2013', 548, 114, 66, 49, 174),
(993, 137, 11, '2013', 311, 58, 77, 102, 62),
(994, 118, 12, '2013', 220, 56, 133, 178, 173),
(995, 102, 11, '2013', 501, 106, 121, 186, 168),
(996, 89, 4, '2013', 210, 55, 150, 56, 124),
(997, 155, 7, '2013', 501, 83, 127, 116, 60),
(998, 125, 3, '2014', 329, 120, 68, 80, 197),
(999, 157, 7, '2013', 484, 81, 121, 36, 104),
(1000, 146, 11, '2013', 392, 99, 132, 119, 177),
(1001, 154, 2, '2012', 346, 96, 87, 89, 96),
(1002, 112, 11, '2015', 433, 72, 99, 70, 108),
(1003, 142, 10, '2012', 203, 120, 129, 222, 160),
(1004, 89, 11, '2015', 349, 63, 84, 34, 131),
(1005, 127, 9, '2015', 368, 95, 119, 23, 96),
(1006, 156, 6, '2015', 472, 97, 131, 43, 123),
(1007, 84, 2, '2014', 378, 95, 92, 210, 58),
(1008, 100, 3, '2015', 566, 73, 106, 196, 143),
(1009, 95, 11, '2012', 509, 77, 142, 95, 58),
(1010, 166, 10, '2013', 288, 69, 119, 78, 97),
(1011, 92, 10, '2015', 375, 67, 141, 212, 91),
(1012, 134, 1, '2012', 458, 75, 148, 195, 114),
(1013, 108, 5, '2012', 493, 116, 117, 38, 128),
(1014, 112, 12, '2012', 482, 104, 118, 123, 64),
(1015, 173, 10, '2014', 260, 68, 119, 182, 166),
(1016, 108, 2, '2014', 369, 78, 118, 203, 196),
(1017, 129, 7, '2014', 311, 106, 101, 123, 106),
(1018, 90, 7, '2014', 293, 81, 87, 168, 118),
(1019, 131, 9, '2014', 282, 63, 108, 87, 147),
(1020, 99, 10, '2013', 576, 112, 142, 190, 149),
(1021, 138, 6, '2012', 295, 105, 113, 133, 78),
(1022, 165, 4, '2013', 442, 71, 112, 184, 180),
(1023, 154, 8, '2013', 321, 99, 77, 125, 158),
(1024, 116, 2, '2013', 523, 94, 138, 179, 100),
(1025, 176, 8, '2013', 406, 118, 144, 134, 107),
(1026, 78, 7, '2012', 527, 93, 115, 30, 95),
(1027, 157, 10, '2012', 463, 107, 111, 51, 164),
(1028, 110, 2, '2014', 302, 86, 123, 167, 154),
(1029, 144, 6, '2013', 558, 61, 85, 213, 66),
(1030, 156, 2, '2012', 291, 81, 93, 70, 145),
(1031, 95, 8, '2014', 476, 57, 73, 108, 158),
(1032, 112, 12, '2013', 437, 117, 135, 168, 163),
(1033, 163, 10, '2014', 470, 55, 121, 126, 78),
(1034, 89, 3, '2012', 205, 88, 73, 175, 156),
(1035, 162, 9, '2013', 471, 91, 71, 40, 129),
(1036, 108, 7, '2015', 462, 90, 146, 64, 74),
(1037, 117, 11, '2015', 516, 76, 130, 36, 193),
(1038, 142, 4, '2012', 425, 100, 108, 94, 187),
(1039, 161, 6, '2013', 540, 76, 105, 119, 148),
(1040, 81, 1, '2014', 586, 62, 114, 155, 118),
(1041, 149, 4, '2014', 490, 61, 143, 210, 167),
(1042, 139, 7, '2012', 310, 114, 118, 167, 98),
(1043, 161, 9, '2015', 350, 55, 74, 114, 83),
(1044, 144, 10, '2015', 487, 58, 136, 134, 92),
(1045, 156, 6, '2015', 204, 65, 80, 185, 176),
(1046, 100, 6, '2014', 337, 84, 141, 136, 142),
(1047, 92, 5, '2012', 518, 106, 84, 76, 137),
(1048, 135, 7, '2013', 414, 100, 135, 168, 68),
(1049, 104, 9, '2013', 539, 75, 136, 202, 99),
(1050, 118, 6, '2014', 467, 70, 128, 102, 190),
(1051, 176, 10, '2012', 369, 72, 104, 119, 146),
(1052, 162, 6, '2012', 284, 83, 75, 99, 79),
(1053, 101, 2, '2015', 538, 79, 96, 151, 67),
(1054, 113, 4, '2015', 243, 61, 142, 156, 153),
(1055, 99, 8, '2013', 467, 103, 139, 228, 178),
(1056, 142, 2, '2014', 329, 85, 83, 156, 66),
(1057, 89, 1, '2013', 382, 116, 144, 143, 152),
(1058, 144, 1, '2014', 256, 67, 108, 179, 168),
(1059, 100, 1, '2012', 300, 89, 118, 123, 98),
(1060, 175, 11, '2015', 515, 76, 111, 42, 187),
(1061, 100, 1, '2015', 399, 102, 85, 125, 190),
(1062, 75, 8, '2014', 369, 100, 130, 54, 108),
(1063, 85, 4, '2013', 234, 118, 143, 100, 82),
(1064, 122, 8, '2012', 287, 110, 131, 33, 123),
(1065, 128, 9, '2013', 551, 66, 108, 41, 139),
(1066, 115, 11, '2012', 566, 113, 143, 150, 115),
(1067, 93, 10, '2013', 489, 84, 97, 148, 71),
(1068, 128, 4, '2013', 420, 66, 141, 141, 105),
(1069, 143, 3, '2014', 562, 87, 127, 215, 170),
(1070, 119, 10, '2015', 521, 112, 62, 60, 187),
(1071, 107, 8, '2013', 233, 64, 84, 128, 173),
(1072, 151, 9, '2012', 223, 68, 73, 153, 97),
(1073, 84, 7, '2014', 369, 108, 124, 100, 98),
(1074, 107, 7, '2012', 361, 110, 95, 146, 87),
(1075, 93, 3, '2013', 360, 83, 85, 85, 98),
(1076, 157, 2, '2012', 312, 72, 141, 50, 51),
(1077, 124, 7, '2013', 491, 68, 119, 47, 122),
(1078, 122, 2, '2014', 414, 102, 99, 181, 77),
(1079, 138, 7, '2014', 307, 115, 68, 216, 131),
(1080, 154, 2, '2012', 300, 95, 89, 51, 104),
(1081, 75, 5, '2015', 459, 60, 91, 121, 116),
(1082, 81, 1, '2012', 211, 60, 130, 177, 150),
(1083, 139, 3, '2015', 446, 83, 129, 230, 124),
(1084, 102, 2, '2012', 543, 94, 96, 194, 109),
(1085, 164, 1, '2012', 217, 65, 88, 154, 62),
(1086, 144, 9, '2014', 358, 57, 116, 196, 97),
(1087, 109, 12, '2014', 467, 115, 91, 185, 101),
(1088, 109, 12, '2014', 228, 86, 76, 24, 148),
(1089, 111, 5, '2013', 379, 119, 68, 166, 76),
(1090, 165, 9, '2015', 498, 57, 116, 131, 151),
(1091, 134, 5, '2014', 576, 90, 116, 88, 53),
(1092, 160, 9, '2013', 584, 114, 66, 204, 128),
(1093, 95, 10, '2015', 368, 119, 84, 74, 200),
(1094, 81, 12, '2012', 375, 67, 66, 197, 150),
(1095, 123, 10, '2015', 427, 102, 111, 72, 117),
(1096, 171, 2, '2015', 223, 114, 138, 199, 191),
(1097, 153, 10, '2013', 204, 119, 129, 40, 74),
(1098, 173, 3, '2014', 517, 59, 61, 154, 124),
(1099, 109, 10, '2013', 477, 110, 140, 66, 85),
(1100, 138, 2, '2013', 539, 83, 97, 152, 147),
(1101, 128, 6, '2014', 520, 81, 133, 132, 94),
(1102, 121, 9, '2012', 494, 55, 127, 97, 108),
(1103, 104, 6, '2014', 338, 78, 148, 149, 157),
(1104, 130, 4, '2014', 509, 99, 68, 178, 140),
(1105, 155, 10, '2013', 290, 64, 77, 119, 147),
(1106, 93, 4, '2014', 247, 59, 74, 213, 70),
(1107, 75, 1, '2015', 460, 96, 104, 144, 54),
(1108, 122, 5, '2012', 543, 80, 104, 190, 80),
(1109, 147, 1, '2012', 309, 62, 68, 222, 116),
(1110, 172, 5, '2014', 446, 107, 78, 207, 74),
(1111, 123, 9, '2013', 347, 84, 86, 117, 76),
(1112, 165, 4, '2012', 529, 90, 101, 165, 193),
(1113, 115, 2, '2013', 310, 91, 71, 148, 133),
(1114, 150, 10, '2015', 559, 98, 95, 226, 196);

-- --------------------------------------------------------

--
-- Struktura tabeli dla tabeli `pracownik`
--

CREATE TABLE `pracownik` (
  `id` int(10) NOT NULL,
  `imie` varchar(25) NOT NULL,
  `nazwisko` varchar(25) NOT NULL,
  `pesel` bigint(11) NOT NULL,
  `ulica` varchar(255) NOT NULL,
  `miejscowosc` varchar(25) NOT NULL,
  `stanowisko` varchar(255) NOT NULL,
  `nr_konta` bigint(26) NOT NULL,
  `nr_telefonu` bigint(13) NOT NULL,
  `nazwa_spoldzielni_fk` varchar(255) NOT NULL
) ENGINE=InnoDB DEFAULT CHARSET=latin1;

--
-- Zrzut danych tabeli `pracownik`
--

INSERT INTO `pracownik` (`id`, `imie`, `nazwisko`, `pesel`, `ulica`, `miejscowosc`, `stanowisko`, `nr_konta`, `nr_telefonu`, `nazwa_spoldzielni_fk`) VALUES
(1, 'Krzysztof', 'Pezi', 93103336358, 'Chmieleniec 1', 'Krakow', 'Prezes', 0, 666777888, 'Stonka'),
(11, 'Gretchen', 'Jennings', 70411414123, '', 'Duluth', '', 10000001100, 680705266, 'Stonka'),
(12, 'Hannah', 'Long', 70411414124, '', 'Myrtle Beach', 'Manager', 10000001126, 641703876, 'Stonka'),
(13, 'Ali', 'Cross', 70411414125, '', 'Sunnyvale', 'Manager', 10000001152, 614908122, 'Stonka'),
(14, 'Josiah', 'Harvey', 70411414126, '', 'Waterbury', 'Pracownik', 10000001178, 611922821, 'Stonka'),
(15, 'Quin', 'Hyde', 70411414127, '', 'South El Monte', 'Manager', 10000001204, 646966996, 'Stonka'),
(16, 'Kirsten', 'Dominguez', 70411414128, '', 'Hopkinsville', 'Manager', 10000001230, 691999159, 'Stonka'),
(17, 'Jane', 'Stephens', 70411414129, '', 'Catskill', '', 10000001256, 621154542, 'Stonka'),
(18, 'Stuart', 'Wise', 70411414130, '', 'Riverton', 'Manager', 10000001282, 627168455, 'Stonka'),
(19, 'Nita', 'Glass', 70411414131, '', 'Port St. Lucie', 'Dyrektor', 10000001308, 692369911, 'Stonka'),
(20, 'Gregory', 'Conner', 70411414132, '', 'Waltham', 'Pracownik nizszego szczebla', 10000001334, 691717557, 'Stonka'),
(21, 'Sage', 'Castro', 70411414133, '', 'Prescott', 'Dyrektor', 10000001360, 662410207, 'Stonka'),
(22, 'Mechelle', 'Fields', 70411414134, '', 'Corvallis', '', 10000001386, 689129088, 'Stonka'),
(23, 'Aretha', 'Mathis', 70411414135, '', 'Lower Burrell', 'Dyrektor', 10000001412, 642503132, 'Stonka'),
(24, 'Geoffrey', 'Riddle', 70411414136, '', 'Ocean City', 'Manager', 10000001438, 612996045, 'Stonka'),
(25, 'Maxwell', 'Olsen', 70411414137, '', 'Bakersfield', '', 10000001464, 687207396, 'Stonka'),
(26, 'Destiny', 'Ramirez', 70411414138, '', 'Chicago Heights', 'Pracownik nizszego szczebla', 10000001490, 679127654, 'Stonka'),
(27, 'Ignacia', 'Rich', 70411414139, '', 'Alameda', 'Pracownik', 10000001516, 645764670, 'Stonka'),
(28, 'Leandra', 'Browning', 70411414140, '', 'Cary', '', 10000001542, 672980619, 'Stonka'),
(30, 'Orlando', 'Guthrie', 70411414142, '', 'Atlantic City', 'Dyrektor', 10000001594, 651587552, 'Stonka'),
(31, 'Zelenia', 'Mcclain', 70411414143, '', 'Asbury Park', 'Pracownik', 10000001620, 640662900, 'Stonka'),
(32, 'Leslie', 'Wilkerson', 70411414144, '', 'Huntington', '', 10000001646, 667192493, 'Stonka'),
(33, 'Neville', 'Vinson', 70411414145, '', 'Bowie', 'Dyrektor', 10000001672, 665933657, 'Stonka'),
(34, 'Alexis', 'Silva', 70411414146, '', 'Gloversville', 'Dyrektor', 10000001698, 605606770, 'Stonka'),
(35, 'Keiko', 'Shepard', 70411414147, '', 'Newport News', 'Manager', 10000001724, 693521361, 'Stonka'),
(36, 'Anthony', 'Hawkins', 70411414148, '', 'Louisville', 'Pracownik', 10000001750, 644656955, 'Stonka'),
(37, 'Chase', 'Dorsey', 70411414149, '', 'Monterey', 'Pracownik nizszego szczebla', 10000001776, 607469495, 'Stonka'),
(39, 'Ignatius', 'Short', 70411414151, '', 'Naperville', 'Dyrektor', 10000001828, 669884013, 'Stonka'),
(40, 'Buffy', 'Barnes', 70411414152, '', 'Agoura Hills', 'Pracownik nizszego szczebla', 10000001854, 678091638, 'Stonka'),
(41, 'Marah', 'Lester', 70411414153, '', 'Raleigh', 'Dyrektor', 10000001880, 682115904, 'Stonka'),
(42, 'Unity', 'Riggs', 70411414154, '', 'Grand Island', 'Pracownik', 10000001906, 607427109, 'Stonka'),
(43, 'Vincent', 'Stafford', 70411414155, '', 'Reno', 'Pracownik', 10000001932, 660826116, 'Stonka'),
(44, 'Carly', 'Gibson', 70411414156, '', 'Pendleton', '', 10000001958, 633060658, 'Stonka'),
(45, 'Iliana', 'Obrien', 70411414157, '', 'West Haven', 'Pracownik', 10000001984, 659305468, 'Stonka'),
(46, 'Patricia', 'Short', 70411414158, '', 'Duquesne', 'Pracownik', 10000002010, 609483676, 'Stonka'),
(47, 'Caryn', 'Clay', 70411414159, '', 'Gloucester', 'Manager', 10000002036, 667209754, 'Stonka'),
(48, 'Fay', 'Cross', 70411414160, '', 'Normal', '', 10000002062, 643019064, 'Stonka'),
(49, 'Yuli', 'Mcintosh', 70411414161, '', 'Syracuse', 'Manager', 10000002088, 696600031, 'Stonka'),
(50, 'Mia', 'Suarez', 70411414162, '', 'Plattsburgh', 'Pracownik nizszego szczebla', 10000002114, 631097224, 'Stonka'),
(51, 'Joan', 'Gilliam', 70411414163, '', 'Gaithersburg', 'Dyrektor', 10000002140, 632476833, 'Stonka'),
(52, 'Hyacinth', 'Hughes', 70411414164, '', 'Visalia', 'Pracownik nizszego szczebla', 10000002166, 695975038, 'Stonka'),
(53, 'Kelsie', 'Peters', 70411414165, '', 'Kettering', 'Dyrektor', 10000002192, 638438308, 'Stonka'),
(54, 'Linus', 'Delaney', 70411414166, '', 'Miami Beach', 'Dyrektor', 10000002218, 674633314, 'Stonka'),
(55, 'Denise', 'Hines', 70411414167, '', 'Lewiston', '', 10000002244, 654737896, 'Stonka'),
(56, 'Fatima', 'Rodriquez', 70411414168, '', 'Trenton', '', 10000002270, 613207593, 'Stonka'),
(57, 'Orli', 'Tucker', 70411414169, '', 'Weirton', 'Manager', 10000002296, 665544723, 'Stonka'),
(58, 'Mara', 'Ashley', 70411414170, '', 'Seattle', 'Manager', 10000002322, 637791491, 'Stonka'),
(59, 'Cassidy', 'Galloway', 70411414171, '', 'Wahoo', '', 10000002348, 627310925, 'Stonka'),
(60, 'Hilary', 'Vaughan', 70411414172, '', 'Warren', 'Manager', 10000002374, 607156305, 'Stonka');

-- --------------------------------------------------------

--
-- Struktura tabeli dla tabeli `remont`
--

CREATE TABLE `remont` (
  `id_remont` int(10) NOT NULL,
  `opis` varchar(255) NOT NULL,
  `kwota` float NOT NULL,
  `id_bloku` int(10) NOT NULL
) ENGINE=InnoDB DEFAULT CHARSET=latin1;

--
-- Zrzut danych tabeli `remont`
--

INSERT INTO `remont` (`id_remont`, `opis`, `kwota`, `id_bloku`) VALUES
(1, 'Remont testowy', 9999, 3);

-- --------------------------------------------------------

--
-- Struktura tabeli dla tabeli `spoldzielnia_mieszkaniowa`
--

CREATE TABLE `spoldzielnia_mieszkaniowa` (
  `nazwa_spoldzielni` varchar(255) NOT NULL,
  `adres_spoldzielni` varchar(255) NOT NULL
) ENGINE=InnoDB DEFAULT CHARSET=latin1;

--
-- Zrzut danych tabeli `spoldzielnia_mieszkaniowa`
--

INSERT INTO `spoldzielnia_mieszkaniowa` (`nazwa_spoldzielni`, `adres_spoldzielni`) VALUES
('Stonka', 'ul. Pilsudskiego 1, Krakow 30-000');

-- --------------------------------------------------------

--
-- Struktura tabeli dla tabeli `wlasciciel`
--

CREATE TABLE `wlasciciel` (
  `pesel` bigint(11) NOT NULL,
  `id` int(10) NOT NULL,
  `imie` varchar(25) NOT NULL,
  `nazwisko` varchar(25) NOT NULL,
  `ulica` varchar(25) NOT NULL,
  `miejscowosc` varchar(25) NOT NULL,
  `nr_telefonu` int(13) NOT NULL
) ENGINE=InnoDB DEFAULT CHARSET=latin1;

--
-- Zrzut danych tabeli `wlasciciel`
--

INSERT INTO `wlasciciel` (`pesel`, `id`, `imie`, `nazwisko`, `ulica`, `miejscowosc`, `nr_telefonu`) VALUES
(93100104147, 1, 'mateusz', 'Skocz', 'Pilsudskiego 18', 'Skawina', 654789123),
(89551415963, 3, 'Alicja', 'Zlopek', 'Straszna 1', 'Krakow', 458729963),
(92889415963, 7, 'Alibaba', 'Rozbujnik', 'Dzina 1', 'Krakow', 969789963),
(70411414123, 16, 'Ronan', 'Pugh', '8354 Facilisis St.', 'La Crosse', 627059039),
(70411414124, 17, 'Dalton', 'Marquez', 'P.O. Box 580, 7427 Semper', 'Atlantic City', 627854384),
(70411414125, 18, 'Jerome', 'Gamble', '887-7896 Tellus. Av.', 'Sedalia', 651419416),
(70411414126, 19, 'Rhea', 'Rosa', 'Ap #973-9702 Auctor Stree', 'Quincy', 690616475),
(70411414127, 20, 'Cara', 'Delgado', '613 Phasellus Ave', 'Mobile', 680756985),
(70411414128, 21, 'Barry', 'Tyler', 'Ap #430-9149 Neque St.', 'Lakewood', 699255423),
(70411414129, 22, 'Karyn', 'Mccoy', 'P.O. Box 193, 8921 Sem Ro', 'Bowling Green', 685276170),
(70411414130, 23, 'Dante', 'Wilcox', '1764 Elementum, Av.', 'Hamilton', 628249808),
(70411414131, 24, 'Jacob', 'Gentry', 'Ap #990-7341 Aliquam St.', 'Dubuque', 625266966),
(70411414132, 25, 'Erica', 'Gaines', 'P.O. Box 457, 9136 Vitae ', 'Sunbury', 636758974),
(70411414133, 26, 'Fritz', 'Shannon', '7480 Ligula. Rd.', 'Pittsfield', 610197132),
(70411414134, 27, 'Colleen', 'Vincent', 'Ap #895-9935 Eget Road', 'Opelousas', 674378339),
(70411414135, 28, 'Brianna', 'Hebert', 'P.O. Box 704, 9047 Dolor ', 'Schenectady', 674888831),
(70411414136, 29, 'Nissim', 'Evans', '1475 Nonummy Street', 'Miami Beach', 684498588),
(70411414137, 30, 'Maris', 'Butler', 'Ap #191-7303 Velit. Road', 'Hannibal', 646897544),
(70411414138, 31, 'Kylee', 'Smith', '6990 Natoque Ave', 'Mobile', 688690594),
(70411414139, 32, 'Marvin', 'Pittman', 'P.O. Box 943, 3272 Donec ', 'Seattle', 625197650),
(70411414140, 33, 'Candace', 'Hendricks', '694 A Road', 'Johnstown', 635104526),
(70411414141, 34, 'Dorian', 'Patton', 'Ap #151-9344 Proin Rd.', 'North Charleston', 635391138),
(70411414142, 35, 'Gannon', 'Eaton', '485-2349 At Rd.', 'Corpus Christi', 604293930),
(70411414143, 36, 'Elizabeth', 'Weber', 'Ap #172-6958 Hendrerit St', 'Myrtle Beach', 623016988),
(70411414144, 37, 'Sasha', 'Kemp', '671 Nec Road', 'Jordan Valley', 668886786),
(70411414145, 38, 'Kylan', 'Hutchinson', 'Ap #964-2826 Aenean St.', 'Shreveport', 615039089),
(70411414146, 39, 'Laurel', 'Pennington', '6020 Elit. Avenue', 'Moraga', 632401847),
(70411414147, 40, 'Sharon', 'Montgomery', 'Ap #506-6889 Tempus, Stre', 'Green River', 681662912),
(70411414148, 41, 'Logan', 'Warren', '5543 Sed Avenue', 'St. Petersburg', 621730877),
(70411414149, 42, 'Tana', 'Salas', '907-6363 Elit, St.', 'Downey', 670537548),
(70411414150, 43, 'Ila', 'Bowers', 'P.O. Box 616, 137 Erat Rd', 'Fort Smith', 694760830),
(70411414151, 44, 'Quin', 'Blankenship', 'Ap #641-900 Cursus Rd.', 'Prescott', 619317238),
(70411414152, 45, 'Mallory', 'Camacho', 'P.O. Box 703, 7087 Non, A', 'Little Falls', 624432636),
(70411414153, 46, 'Gail', 'Schwartz', 'Ap #310-4147 Quis Avenue', 'Forest Lake', 622228102),
(70411414154, 47, 'Jillian', 'Michael', '4022 Phasellus Rd.', 'Brigham City', 688627664),
(70411414155, 48, 'Jack', 'Williams', 'P.O. Box 346, 229 Lorem S', 'Monroe', 651861577),
(70411414156, 49, 'Jaime', 'Wolf', '1292 Erat St.', 'Salisbury', 603868592),
(70411414157, 50, 'Chelsea', 'Sweeney', '956-8903 Nibh Avenue', 'Sharon', 636623769),
(70411414158, 51, 'Lucian', 'Hernandez', '376-3607 Egestas Avenue', 'North Tonawanda', 616709665),
(70411414159, 52, 'Ingrid', 'Hoover', 'P.O. Box 549, 2210 Ut St.', 'Apple Valley', 672718168),
(70411414160, 53, 'Dakota', 'Gaines', 'P.O. Box 921, 2124 Proin ', 'Pasadena', 674438906),
(70411414161, 54, 'Keiko', 'Stephens', '3006 Mi St.', 'Brigham City', 601451380),
(70411414162, 55, 'Mercedes', 'Carpenter', 'Ap #505-1858 Lacinia Aven', 'Cape Coral', 660100020),
(70411414163, 56, 'Harper', 'Nielsen', 'P.O. Box 301, 5376 Tincid', 'Bradford', 681996600),
(70411414164, 57, 'Brooke', 'Bates', '481-5217 Sodales Av.', 'Santa Rosa', 675577917),
(70411414165, 58, 'Petra', 'Whitfield', 'Ap #405-7827 Nec, Road', 'Passaic', 689893994),
(70411414166, 59, 'Nathaniel', 'Roberson', 'P.O. Box 761, 7251 Nec, S', 'Middletown', 694810238),
(70411414167, 60, 'Paula', 'Dennis', 'Ap #123-2911 Diam. Ave', 'New Castle', 684263632),
(70411414168, 61, 'Maggie', 'Sheppard', 'Ap #299-9632 Mi Rd.', 'Coral Springs', 662857703),
(70411414169, 62, 'Veda', 'Bray', '1781 Donec Av.', 'Chattanooga', 622336949),
(70411414170, 63, 'Tatiana', 'Rivers', '153-488 Amet Street', 'Plantation', 627021264),
(70411414171, 64, 'Axel', 'Harrison', '869-7359 Gravida Av.', 'Cohoes', 608778281),
(70411414172, 65, 'Sasha', 'Alford', 'Ap #733-7758 Dapibus Aven', 'Nacogdoches', 628042694),
(70411414123, 66, 'Cedric', 'Leblanc', 'P.O. Box 973, 4820 Cum St', 'Jeannette', 649372009),
(70411414124, 67, 'Audrey', 'Cooke', 'P.O. Box 986, 8233 Lacini', 'Newark', 612006726),
(70411414125, 68, 'Davis', 'Thornton', '870-9685 Nulla Avenue', 'Signal Hill', 636711240),
(70411414126, 69, 'Ursula', 'Barton', 'Ap #118-6261 Nunc Avenue', 'Cody', 647476137),
(70411414127, 70, 'Macey', 'Lopez', '347-1980 Nunc, Street', 'Moultrie', 677487155),
(70411414128, 71, 'Neil', 'Underwood', '710-5601 Magna. Avenue', 'Ann Arbor', 643494703),
(70411414129, 72, 'Xenos', 'Guerrero', '1293 Turpis. Road', 'High Point', 600423420),
(70411414130, 73, 'Emma', 'Houston', '9555 Egestas. St.', 'Manitowoc', 697193529),
(70411414131, 74, 'Mary', 'Compton', 'Ap #225-9218 Nec Ave', 'Kansas City', 662065669),
(70411414132, 75, 'Rogan', 'Hoffman', 'Ap #752-2671 Est. Street', 'Broken Arrow', 608789662),
(70411414133, 76, 'Hammett', 'Burnett', 'Ap #879-7925 Donec Av.', 'Durango', 656315180),
(70411414134, 77, 'Kuame', 'Mccoy', '510-2146 Euismod St.', 'Inglewood', 639856411),
(70411414135, 78, 'Ruth', 'Joyner', '548-9771 Accumsan Avenue', 'Newburgh', 634719412),
(70411414136, 79, 'Jasmine', 'Dunn', '266 Suspendisse Ave', 'Darlington', 658027672),
(70411414137, 80, 'Kameko', 'Robinson', 'P.O. Box 506, 4778 Turpis', 'Manassas', 652799708),
(70411414138, 81, 'Gillian', 'Ingram', '369-9685 Odio. Av.', 'Glen Cove', 686978720),
(70411414139, 82, 'Claire', 'Macdonald', '769-1291 Nisi Street', 'Stevens Point', 681196848),
(70411414140, 83, 'Jennifer', 'Farmer', '6250 Dignissim Avenue', 'Dixon', 616046968),
(70411414141, 84, 'Ian', 'Schwartz', 'Ap #646-4980 Arcu. Street', 'Easthampton', 616522371),
(70411414142, 85, 'Omar', 'Thompson', 'P.O. Box 650, 8911 In Rd.', 'Two Rivers', 684035731),
(70411414143, 86, 'Mason', 'Harrington', 'Ap #428-2638 Quam. Avenue', 'Medford', 673018142),
(70411414144, 87, 'Gail', 'Rich', '5796 Lacus. Road', 'Springdale', 613495580),
(70411414145, 88, 'Jordan', 'Burgess', 'Ap #561-7246 Ultrices St.', 'Texarkana', 692349505),
(70411414146, 89, 'Knox', 'Wiley', 'Ap #247-8976 Lobortis. Av', 'Montpelier', 651266332),
(70411414147, 90, 'Roary', 'Sellers', 'P.O. Box 392, 8104 Amet, ', 'Sharon', 650088821),
(70411414148, 91, 'Ulysses', 'Drake', 'Ap #263-2221 Eleifend Rd.', 'Los Angeles', 686014122),
(70411414149, 92, 'Oprah', 'Bush', 'Ap #838-1709 Lorem Avenue', 'Bellflower', 688334567),
(70411414150, 93, 'Dean', 'Morrow', '7331 Enim St.', 'Rutland', 630187434),
(70411414151, 94, 'Mona', 'Peters', 'P.O. Box 754, 3502 Orci. ', 'Ypsilanti', 609056543),
(70411414152, 95, 'Chloe', 'Hodges', '459-9383 Erat St.', 'Butler', 664590178),
(70411414153, 96, 'Darius', 'Perez', '900-3028 Non, Road', 'Bradbury', 629773732),
(70411414154, 97, 'Ferdinand', 'Brooks', '5990 Dui St.', 'Milwaukee', 644675741),
(70411414155, 98, 'Jacob', 'Rodgers', '421-9508 Malesuada St.', 'Lawton', 695525429),
(70411414156, 99, 'Luke', 'Clarke', '4710 Dictum Rd.', 'Middletown', 619839883),
(70411414157, 100, 'Carter', 'Harding', '585-4742 Blandit Ave', 'Anchorage', 687949124),
(70411414158, 101, 'Caldwell', 'Carpenter', '1012 Elementum Road', 'Longview', 638689648),
(70411414159, 102, 'Leonard', 'Odonnell', '930-4434 Sit Ave', 'Sunnyvale', 641904618),
(70411414160, 103, 'Cassady', 'Kinney', 'P.O. Box 187, 9326 Tempor', 'Bozeman', 605908332),
(70411414161, 104, 'Eric', 'Blackburn', '652-3003 Vestibulum, Rd.', 'Frisco', 637837087),
(70411414162, 105, 'Zachary', 'Cardenas', '2102 Semper. St.', 'West Lafayette', 644781542),
(70411414163, 106, 'Plato', 'Hutchinson', '5783 Et, St.', 'Galesburg', 611613029),
(70411414164, 107, 'Merrill', 'Petersen', '877-4808 Massa. Road', 'Huntsville', 646805060),
(70411414165, 108, 'Orson', 'Tucker', '737-7208 Sed Rd.', 'Idabel', 679194906),
(70411414166, 109, 'Fritz', 'Merrill', '6662 Urna Ave', 'Melrose', 637535449),
(70411414167, 110, 'Ivan', 'Odonnell', '3277 Consequat, Road', 'Moscow', 686063769),
(70411414168, 111, 'Jack', 'Dyer', '134-8689 Ac Av.', 'Seal Beach', 668000879),
(70411414169, 112, 'Maisie', 'Acosta', '7059 Venenatis St.', 'Missoula', 667367622),
(70411414170, 113, 'Rhiannon', 'Beck', 'Ap #494-8985 Tellus Rd.', 'New Rochelle', 653920344),
(70411414171, 114, 'Vivien', 'Wilkins', 'Ap #831-2953 Sapien St.', 'Tustin', 644664283),
(70411414172, 115, 'Carter', 'Valdez', '7921 Orci, Ave', 'Menomonee Falls', 673341343);

-- --------------------------------------------------------

--
-- Struktura tabeli dla tabeli `wlasciciel_mieszkanie`
--

CREATE TABLE `wlasciciel_mieszkanie` (
  `wlasciciel_id` int(10) DEFAULT NULL,
  `mieszkanie_id` int(10) DEFAULT NULL
) ENGINE=InnoDB DEFAULT CHARSET=latin1;

--
-- Zrzut danych tabeli `wlasciciel_mieszkanie`
--

INSERT INTO `wlasciciel_mieszkanie` (`wlasciciel_id`, `mieszkanie_id`) VALUES
(30, 102),
(86, 95),
(98, 110),
(101, 177),
(30, 102),
(86, 95),
(98, 110),
(101, 177),
(30, 102),
(86, 95),
(98, 110),
(101, 177),
(26, 76),
(58, 109),
(87, 146),
(53, 123),
(16, 134),
(87, 85),
(73, 162),
(47, 172),
(92, 109),
(86, 101),
(65, 154),
(28, 149),
(34, 174),
(103, 74),
(56, 163),
(98, 151),
(97, 134),
(99, 76),
(73, 138),
(64, 154),
(21, 98),
(93, 164),
(62, 131),
(75, 126),
(57, 123),
(71, 173),
(75, 100),
(76, 121),
(104, 161),
(47, 132),
(95, 172),
(73, 105),
(114, 101),
(95, 160),
(92, 121),
(102, 151),
(83, 128),
(44, 105),
(61, 101),
(104, 156),
(76, 149),
(63, 139),
(37, 126),
(89, 75),
(84, 155),
(55, 92),
(108, 158),
(31, 103),
(83, 86),
(24, 84),
(54, 75),
(114, 121),
(96, 157),
(52, 114),
(42, 121),
(37, 98),
(26, 155),
(58, 148),
(112, 154),
(102, 84),
(87, 120),
(69, 116),
(93, 124),
(113, 114),
(53, 82),
(36, 130),
(35, 128),
(91, 156),
(16, 84),
(51, 137),
(17, 120),
(22, 77),
(32, 165),
(50, 83),
(34, 88),
(67, 99);

--
-- Indeksy dla zrzutw tabel
--

--
-- Indexes for table `blok`
--
ALTER TABLE `blok`
  ADD PRIMARY KEY (`id_bloku`),
  ADD UNIQUE KEY `id_bloku` (`id_bloku`),
  ADD KEY `nazwa_spoldzielni` (`nazwa_spoldzielni`),
  ADD KEY `nazwa_spoldzielni_2` (`nazwa_spoldzielni`);

--
-- Indexes for table `mieszkanie`
--
ALTER TABLE `mieszkanie`
  ADD PRIMARY KEY (`id_mieszkania`),
  ADD KEY `id_bloku` (`id_bloku`);

--
-- Indexes for table `oplaty`
--
ALTER TABLE `oplaty`
  ADD PRIMARY KEY (`id_oplat`),
  ADD KEY `id_mieszkania` (`id_mieszkania`),
  ADD KEY `id_mieszkania_2` (`id_mieszkania`);

--
-- Indexes for table `pracownik`
--
ALTER TABLE `pracownik`
  ADD PRIMARY KEY (`id`),
  ADD UNIQUE KEY `id` (`id`),
  ADD UNIQUE KEY `pesel` (`pesel`),
  ADD KEY `nazwa_spoldzielni_fk` (`nazwa_spoldzielni_fk`),
  ADD KEY `pesel_2` (`pesel`);

--
-- Indexes for table `remont`
--
ALTER TABLE `remont`
  ADD PRIMARY KEY (`id_remont`),
  ADD KEY `id_bloku` (`id_bloku`);

--
-- Indexes for table `spoldzielnia_mieszkaniowa`
--
ALTER TABLE `spoldzielnia_mieszkaniowa`
  ADD PRIMARY KEY (`nazwa_spoldzielni`),
  ADD UNIQUE KEY `nazwa_spoldzielni` (`nazwa_spoldzielni`),
  ADD KEY `nazwa_spoldzielni_2` (`nazwa_spoldzielni`);

--
-- Indexes for table `wlasciciel`
--
ALTER TABLE `wlasciciel`
  ADD PRIMARY KEY (`id`),
  ADD UNIQUE KEY `id` (`id`);

--
-- Indexes for table `wlasciciel_mieszkanie`
--
ALTER TABLE `wlasciciel_mieszkanie`
  ADD KEY `wlasciciel_id` (`wlasciciel_id`),
  ADD KEY `mieszkanie_id` (`mieszkanie_id`);

--
-- AUTO_INCREMENT for dumped tables
--

--
-- AUTO_INCREMENT dla tabeli `blok`
--
ALTER TABLE `blok`
  MODIFY `id_bloku` int(10) NOT NULL AUTO_INCREMENT, AUTO_INCREMENT=38;
--
-- AUTO_INCREMENT dla tabeli `mieszkanie`
--
ALTER TABLE `mieszkanie`
  MODIFY `id_mieszkania` int(10) NOT NULL AUTO_INCREMENT, AUTO_INCREMENT=179;
--
-- AUTO_INCREMENT dla tabeli `oplaty`
--
ALTER TABLE `oplaty`
  MODIFY `id_oplat` int(10) NOT NULL AUTO_INCREMENT, AUTO_INCREMENT=1115;
--
-- AUTO_INCREMENT dla tabeli `pracownik`
--
ALTER TABLE `pracownik`
  MODIFY `id` int(10) NOT NULL AUTO_INCREMENT, AUTO_INCREMENT=61;
--
-- AUTO_INCREMENT dla tabeli `remont`
--
ALTER TABLE `remont`
  MODIFY `id_remont` int(10) NOT NULL AUTO_INCREMENT, AUTO_INCREMENT=2;
--
-- AUTO_INCREMENT dla tabeli `wlasciciel`
--
ALTER TABLE `wlasciciel`
  MODIFY `id` int(10) NOT NULL AUTO_INCREMENT, AUTO_INCREMENT=116;
--
-- Ograniczenia dla zrzutw tabel
--

--
-- Ograniczenia dla tabeli `blok`
--
ALTER TABLE `blok`
  ADD CONSTRAINT `blok_spoldzielnia_fk` FOREIGN KEY (`nazwa_spoldzielni`) REFERENCES `spoldzielnia_mieszkaniowa` (`nazwa_spoldzielni`) ON DELETE CASCADE ON UPDATE CASCADE;

--
-- Ograniczenia dla tabeli `mieszkanie`
--
ALTER TABLE `mieszkanie`
  ADD CONSTRAINT `mieszkanie_ibfk_1` FOREIGN KEY (`id_bloku`) REFERENCES `blok` (`id_bloku`) ON DELETE CASCADE ON UPDATE CASCADE;

--
-- Ograniczenia dla tabeli `pracownik`
--
ALTER TABLE `pracownik`
  ADD CONSTRAINT `pracownik_spoldzielnia_fk` FOREIGN KEY (`nazwa_spoldzielni_fk`) REFERENCES `spoldzielnia_mieszkaniowa` (`nazwa_spoldzielni`) ON DELETE CASCADE ON UPDATE CASCADE;

--
-- Ograniczenia dla tabeli `remont`
--
ALTER TABLE `remont`
  ADD CONSTRAINT `remont_blok_fk` FOREIGN KEY (`id_bloku`) REFERENCES `blok` (`id_bloku`) ON DELETE CASCADE ON UPDATE CASCADE;

--
-- Ograniczenia dla tabeli `wlasciciel_mieszkanie`
--
ALTER TABLE `wlasciciel_mieszkanie`
  ADD CONSTRAINT `wlasciciel_mieszkanie_ibfk_1` FOREIGN KEY (`wlasciciel_id`) REFERENCES `wlasciciel` (`id`) ON DELETE CASCADE ON UPDATE CASCADE;

/*!40101 SET CHARACTER_SET_CLIENT=@OLD_CHARACTER_SET_CLIENT */;
/*!40101 SET CHARACTER_SET_RESULTS=@OLD_CHARACTER_SET_RESULTS */;
/*!40101 SET COLLATION_CONNECTION=@OLD_COLLATION_CONNECTION */;
